1;3
4;11
23;27
44;49
69;73
74;78
79;82
83;89
90;93
99;102
103;107
108;118
119;122
123;78
126;129
130;78
133;134
135;141
142;148
149;154
155;161
162;165
190;78
191;195
196;198
199;205
206;210
229;235
245;154
246;250
255;259
260;263
264;271
272;277
278;283
284;306
307;310
311;313
314;321
368;371
372;376
377;380
381;382
391;394
395;400
405;408
409;413
421;423
424;426
427;417
430;438
443;134
444;447
448;451
452;456
465;460
468;3
469;460
471;134
472;134
473;134
474;134
475;476
477;482
483;476
484;476
485;489
490;476
491;494
495;494
501;506
507;494
509;511
512;516
520;516
523;516
528;531
536;540
551;554
555;558
559;569
570;572
573;577
578;583
584;587
588;591
592;594
595;597
598;600
601;603
604;606
610;606
612;614
615;617
618;603
620;623
624;629
635;639
640;643
644;646
647;651
659;102
662;666
667;78
670;675
679;684
685;689
693;129
701;709
710;711
712;719
720;727
728;733
734;739
750;753
761;749
764;767
768;771
772;774
775;780
781;784
785;787
788;789
798;803
804;807
808;811
818;823
826;830
831;837
841;844
845;852
853;859
867;870
871;870
875;882
883;886
887;711
892;894
895;899
900;904
905;908
909;910
911;914
915;921
922;925
929;540
935;540
940;944
945;949
950;952
953;955
956;961
962;965
966;968
969;971
979;983
988;991
1000;1002
1003;1005
1006;1008
1009;1012
1013;1016
1020;1024
1025;1027
1028;1032
1033;1034
1035;1038
1039;1041
1042;1047
1048;1051
1052;1055
1056;1060
1061;1068
1069;1072
1073;1076
1077;1079
1080;1082
1083;1097
1098;1101
1107;1109
1110;1119
1120;1129
1130;1132
1137;1138
1155;420
1156;1158
1159;420
1164;1167
1168;1170
1171;1177
1178;1181
1182;451
1185;3
1186;460
1188;3
1189;3
1190;3
1191;1194
1195;711
1196;134
1197;134
1198;134
1199;134
1200;134
1201;1202
1204;134
1205;134
1206;134
1207;134
1208;134
1210;476
1211;476
1212;476
1213;476
1214;494
1216;3
1217;3
1218;494
1219;494
1220;1223
1224;1227
1228;1231
1232;1235
1241;1243
1244;1243
1246;531
1248;540
1254;531
1256;540
1263;1266
1267;1270
1271;1274
1275;1278
1279;1289
1290;1296
1297;1302
1303;1308
1309;93
1312;1315
1316;1319
1320;1322
1323;689
1326;129
1329;1331
1332;1335
1336;1339
1340;1345
1346;1351
1355;1362
1363;1365
1366;1373
1374;1377
1378;1382
1387;1390
1391;1395
1396;1398
1405;1406
1407;1413
1414;1417
1418;1423
1424;1426
1427;1428
1431;1432
1435;1436
1437;1441
1442;1447
1448;1452
1461;1468
1469;1473
1474;1479
1480;1486
1487;1490
1491;1495
1496;1499
1504;1508
1509;1513
1514;1517
1518;1522
1523;506
1526;1531
1532;1243
1534;516
1537;516
1542;1553
1554;535
1557;535
1563;1567
1568;1572
1575;540
1578;1581
1582;1585
1586;1588
1593;1596
1597;1599
1600;1602
1603;1606
1607;1609
1610;1588
1614;1270
1616;1619
1620;1625
1626;1629
1630;1633
1634;1639
1640;1642
1643;1654
1655;1658
1659;1666
1667;1669
1670;1673
1679;122
1682;1278
1685;1686
1687;78
1690;129
1693;1697
1698;1702
1705;93
1708;1710
1711;1714
1715;689
1718;1719
1720;1724
1730;1733
1734;1737
1738;1746
1747;1756
1757;1761
1762;1765
1766;1769
1776;1781
1785;1787
1799;1803
1804;1805
1806;1811
1812;1814
1815;1818
1819;1822
1823;1831
1836;1845
1846;1849
1852;1798
1853;1854
1857;1859
1860;1862
1863;1862
1867;1862
1869;1854
1871;1873
1874;1878
1879;1854
1880;426
1883;1887
1889;709
1894;1862
1898;1900
1901;1903
1904;1907
1908;1911
1913;134
1914;460
1916;460
1919;3
1920;3
1922;460
1926;134
1927;134
1928;134
1929;476
1930;739
1932;476
1933;476
1934;476
1935;476
1936;476
1937;476
1938;771
1949;1952
1953;476
1955;1958
1959;476
1966;1970
1972;476
1973;1983
1984;1985
1986;1989
1990;476
1991;1995
1996;476
2001;3
2002;3
2003;3
2004;3
2005;2007
2016;2017
2030;2033
2036;2037
2038;2042
2043;2045
2049;2051
2052;2056
2057;2059
2060;1243
2062;78
2064;2068
2069;2072
2073;2080
2081;2085
2086;2089
2090;2095
2096;2100
2117;2119
2120;2122
2123;2127
2128;2131
2132;2131
2134;2137
2142;1038
2144;2148
2149;2152
2153;2155
2166;2170
2171;2174
2175;2177
2178;2180
2181;2182
2183;2186
2187;2191
2197;2200
2201;2213
2214;1243
2216;1243
2218;531
2225;540
2231;2233
2234;2240
2241;2243
2244;2250
2251;2253
2254;2256
2257;2260
2261;2273
2281;2293
2298;2301
2302;2306
2307;2311
2312;2315
2316;2320
2321;1633
2323;2327
2328;2331
2332;2334
2335;2338
2339;2343
2344;2347
2357;2360
2361;2367
2368;2373
2374;2379
2380;2382
2383;2390
2391;2394
2395;2401
2405;2411
2419;2423
2424;93
2428;2431
2432;93
2439;78
2440;78
2443;2446
2447;2458
2459;2464
2465;2468
2469;2473
2474;709
2480;2485
2486;2489
2490;2495
2496;2507
2508;2512
2513;749
2516;2517
2518;2522
2523;2525
2526;2528
2529;2531
2534;2536
2537;2531
2544;2546
2547;2550
2551;2554
2559;2564
2565;2575
2583;2588
2589;2591
2592;2595
2612;2613
2614;2611
2616;2608
2617;2608
2631;2647
2648;2649
2657;2661
2662;2664
2665;2668
2669;2015
2672;2676
2680;2683
2684;2687
2688;2697
2711;2714
2722;2724
2725;2728
2729;2730
2731;516
2734;2740
2741;2749
2756;2759
2760;2764
2765;2768
2769;2771
2772;2774
2775;2781
2782;2785
2793;2798
2799;2803
2810;2813
2819;2823
2829;2830
2836;2844
2845;2849
2850;2851
2852;2858
2859;2863
2871;2876
2877;2887
2898;2907
2908;2914
2915;2919
2920;2924
2925;2927
2928;2932
2933;2937
2938;2945
2946;2949
2950;2957
2971;2973
2992;2995
3000;3003
3004;3008
3009;3012
3013;3019
3020;3026
3031;3035
3036;3039
3040;3044
3045;3048
3049;3052
3053;3055
3064;3068
3069;3072
3073;2131
3077;3080
3091;3094
3095;3098
3099;3103
3104;3108
3109;506
3113;3115
3116;3117
3122;3124
3125;3129
3130;3133
3134;3142
3143;3145
3146;3153
3154;3155
3156;3159
3160;3167
3168;3177
3178;506
3181;3192
3193;3194
3199;3206
3207;3213
3214;3217
3218;3223
3224;3226
3227;3233
3234;3236
3237;3236
3245;3249
3250;3253
3254;3263
3272;1141
3273;3277
3278;1781
3286;3288
3289;3291
3292;3294
3295;3297
3298;3299
3300;3305
3306;3309
3310;3313
3314;3317
3318;3320
3321;3324
3325;3326
3327;3331
3332;1862
3334;3335
3341;1862
3342;1907
3343;3345
3352;3
3353;460
3355;460
3357;711
3359;711
3360;711
3364;476
3365;476
3366;476
3367;476
3368;476
3369;476
3371;476
3372;3376
3377;476
3379;3
3382;494
3384;494
3386;3
3387;494
3394;3404
3408;1873
3411;3415
3416;3419
3420;3422
3438;3443
3444;3447
3453;3457
3458;3460
3461;3466
3467;3468
3469;531
3502;3507
3512;3514
3515;3519
3520;3524
3525;3530
3543;3546
3547;3558
3559;3564
3565;3567
3572;3574
3575;3577
3580;3585
3586;3590
3591;1335
3593;1101
3609;3613
3616;540
3618;3630
3631;3633
3644;3647
3648;3650
3651;1792
3663;3666
3667;3670
3673;3676
3680;3683
3684;3691
3692;3696
3697;2382
3700;2382
3701;3704
3713;3717
3722;3335
3723;3717
3725;3717
3726;1158
3729;426
3733;3734
3737;3739
3740;3745
3749;3751
3752;3754
3755;134
3758;3
3759;460
3761;3
3762;3
3764;3
3768;711
3769;711
3770;3771
3772;3774
3775;134
3776;134
3777;476
3778;1335
3784;476
3785;476
3786;476
3787;476
3788;476
3789;3
3790;494
3791;3
3793;709
3797;3805
3806;3813
3814;3818
3819;3823
3824;3832
3843;82
3844;3846
3847;3708
3849;3851
3852;3857
3883;3892
3893;3895
3896;3898
3899;3907
3915;3918
3923;3927
3928;3933
3934;3939
3940;3943
3948;3952
3953;3960
3961;3964
3965;3967
3968;516
3971;516
3973;1243
3980;531
3982;3984
3985;531
3990;3992
3993;3996
3997;540
3999;4006
4007;540
4010;540
4015;4027
4028;540
4029;4030
4031;4034
4035;4038
4039;4040
4041;3650
4043;1243
4045;1243
4046;1658
4050;4051
4052;1658
4055;122
4058;122
4061;122
4067;4071
4079;4084
4085;102
4088;4091
4092;129
4099;129
4100;4106
4107;4111
4115;4120
4121;4124
4125;4130
4131;1710
4132;4136
4137;4138
4154;4162
4163;4165
4169;4177
4178;4180
4191;4195
4196;4197
4198;2382
4199;4205
4206;4209
4210;4214
4215;4219
4224;4228
4229;925
4233;4239
4240;1792
4247;4250
4255;4258
4259;4262
4263;4268
4269;4270
4271;4272
4273;4284
4285;4288
4295;4303
4304;4306
4307;4308
4309;4308
4315;4317
4324;4327
4328;4329
4330;4331
4334;4337
4338;4339
4342;4347
4348;4351
4362;1490
4370;2131
4373;4378
4414;3236
4416;3236
4418;4419
4420;4421
4422;4419
4425;4428
4429;4433
4434;4437
4438;4440
4441;4440
4443;4447
4448;4239
4453;4440
4456;4458
4459;4462
4467;4472
4473;4476
4477;4479
4490;4493
4508;4511
4517;4519
4520;4523
4524;2728
4526;4530
4535;4537
4538;4540
4541;4543
4544;4546
4547;4550
4551;4554
4555;4559
4560;4564
4565;516
4569;4572
4573;4576
4577;4581
4582;4585
4586;4588
4589;2664
4592;4595
4596;4601
4602;709
4604;506
4607;4611
4612;1243
4614;516
4617;516
4620;4622
4623;4625
4628;531
4630;535
4637;4640
4641;4576
4643;3977
4645;93
4648;93
4651;93
4654;93
4657;4659
4663;4672
4673;4680
4698;4702
4703;1710
4709;4712
4713;4715
4716;4717
4718;78
4719;78
4722;4725
4726;4729
4730;4732
4738;4740
4741;4743
4744;4748
4749;4754
4755;1985
4756;4760
4761;4764
4786;4790
4791;4793
4794;4796
4797;4799
4829;4847
4851;709
4856;709
4858;4862
4863;4867
4868;4871
4872;4877
4878;4880
4881;4884
4885;4889
4890;921
4894;925
4897;4899
4900;2048
4903;1243
4909;1243
4911;4922
4923;1243
4925;540
4927;4931
4936;4941
4942;4945
4952;4958
4959;4964
4965;4966
4967;4970
4971;4983
4984;4988
4989;4992
4996;4998
4999;506
5005;5007
5008;5013
5015;535
5017;531
5019;5022
5023;3650
5025;5027
5028;5027
5032;540
5037;540
5041;540
5043;5046
5047;531
5049;5052
5053;4030
5056;609
5058;5061
5062;5066
5076;5079
5080;5088
5096;5099
5104;5107
5108;5111
5112;5132
5133;2347
5136;609
5141;5143
5155;5159
5160;1658
5167;5170
5171;5172
5173;5176
5182;1278
5185;5192
5193;5217
5218;5222
5223;5227
5228;5230
5231;122
5232;122
5235;5239
5240;4341
5244;5246
5250;129
5253;5256
5257;5265
5266;5272
5276;5280
5281;5283
5288;5292
5293;749
5294;5304
5308;5312
5313;3823
5319;5325
5326;5334
5335;4180
5338;5467
5485;5488
5489;5494
5495;5498
5499;5505
5509;5511
5512;5515
5516;5518
5519;5521
5522;5525
5526;5178
5603;5616
5617;5620
5621;5620
5623;5626
5631;5630
5638;5642
5645;5647
5648;5650
5651;5657
5658;5660
5661;5665
5666;5511
5671;5675
5676;5679
5680;5682
5683;1490
5688;5691
5692;5695
5696;5700
5701;2131
5711;5712
5713;5715
5716;5720
5721;5724
5725;5729
5730;5731
5732;5734
5735;5738
5739;5743
5744;5747
5748;5756
5757;5762
5763;5769
5770;5774
5782;5786
5787;5789
5790;5797
5798;5800
5807;5813
5814;5819
5820;5823
5842;3236
5844;5847
5848;4413
5850;3236
5852;5853
5854;5858
5859;5864
5865;5866
5867;5866
5869;5872
5875;5877
5878;5880
5881;5885
5886;5895
5896;5897
5900;5902
5903;3
5904;460
5906;3
5907;3
5908;460
5910;460
5912;460
5914;460
5916;460
5919;3
5920;3
5921;460
5923;460
5925;3
5926;3
5927;711
5928;5937
5938;711
5940;711
5941;5947
5948;711
5949;711
5950;711
5951;711
5952;711
5953;5899
5954;134
5955;134
5956;5959
5960;134
5965;5967
5968;5969
5976;5978
5979;5980
5981;134
5987;5990
5991;5993
5997;5998
6004;134
6005;6007
6008;6010
6015;6017
6018;6013
6020;476
6021;6003
6022;6023
6024;5998
6025;6028
6029;6030
6031;6033
6038;5998
6041;476
6044;6045
6046;6047
6048;6050
6051;6013
6052;6030
6054;6056
6057;6058
6062;6063
6064;6069
6070;6073
6074;6077
6078;476
6079;6050
6081;6045
6082;6017
6084;476
6085;6086
6087;6013
6090;6091
6097;6098
6102;1822
6104;6107
6111;6114
6118;6119
6120;6124
6125;6126
6127;6130
6133;6117
6134;6135
6136;6124
6142;6143
6144;476
6145;476
6146;6150
6151;476
6152;476
6154;476
6156;476
6157;476
6160;476
6161;476
6163;494
6166;494
6167;494
6169;494
6171;6173
6174;494
6175;3
6176;494
6178;6181
6182;6184
6185;6188
6189;494
6191;494
6193;3
6194;6197
6198;6200
6201;6204
6205;6207
6208;6210
6211;6213
6220;5647
6222;313
6225;6228
6229;6232
6233;6235
6236;6238
6246;6249
6250;6253
6257;6210
6262;6264
6265;6267
6268;6271
6272;6277
6278;6279
6280;6283
6288;6291
6300;6303
6313;6316
6317;6319
6320;6323
6324;6329
6330;6331
6332;6334
6335;6340
6341;6343
6344;6347
6348;6351
6352;6356
6357;6361
6362;6364
6365;6368
6372;6374
6379;6381
6382;6384
6385;6387
6388;6391
6392;531
6396;6399
6400;4030
6411;6413
6414;6418
6419;6420
6421;3650
6423;6424
6427;6434
6435;6441
6442;6444
6445;6448
6449;6452
6453;6455
6456;6461
6466;6471
6490;2131
6491;4329
6493;6399
6495;4331
6497;6500
6501;4327
6502;6503
6504;6510
6511;6513
6514;6518
6529;6531
6532;6535
6536;3662
6538;1658
6544;6546
6547;6549
6550;6554
6555;6558
6559;6562
6563;6565
6566;6573
6574;1278
6577;1278
6580;1278
6581;1278
6584;102
6587;102
6594;6114
6596;1658
6603;6117
6609;6613
6614;6618
6621;5847
6622;689
6624;6625
6626;93
6629;1710
6632;6635
6636;6641
6667;6673
6674;6676
6677;6680
6681;6683
6689;6697
6705;6706
6707;313
6709;5287
6717;749
6720;749
6721;749
6724;6725
6726;5287
6729;6732
6734;6554
6735;6738
6739;6744
6745;6746
6747;6750
6751;6753
6767;6769
6770;6772
6773;6777
6778;6781
6782;6785
6793;6795
6796;313
6799;6801
6802;4413
6810;6812
6813;3277
6816;6822
6823;6824
6825;6830
6834;6842
6843;6845
6846;6852
6853;6855
6856;6859
6863;6865
6866;6868
6869;6874
6875;6876
6879;6893
6894;6896
6897;6899
6900;6101
6903;3331
6904;6905
6906;426
6912;426
6913;6915
6916;6917
6918;6917
6920;6922
6923;6925
6926;1177
6930;1177
6932;6933
6934;460
6938;460
6941;460
6950;6953
6954;6957
6958;6960
6961;6962
6963;6965
6966;1194
6971;1194
6972;6975
6976;6980
6985;1194
6988;1194
6989;1194
6990;6991
6992;6993
6994;6993
6995;6993
6996;6993
6997;6998
6999;6998
7000;7002
7003;7004
7005;7010
7011;7013
7016;7013
7018;7021
7022;7013
7023;7013
7024;494
7026;494
7027;494
7028;7031
7032;494
7034;7037
7039;4889
7043;7047
7048;494
7050;494
7051;7053
7060;7063
7067;711
7072;494
7074;1243
7076;7081
7085;7086
7087;7091
7092;7095
7096;7099
7100;494
7101;7103
7104;7105
7106;7117
7122;7125
7126;7127
7133;7135
7139;7141
7142;7143
7147;7150
7161;7164
7165;7169
7170;7172
7176;7177
7178;7180
7181;4970
7183;7186
7191;7192
7193;7196
7197;7201
7202;7206
7207;7211
7213;506
7214;7218
7219;7222
7223;7218
7225;7227
7228;516
7229;7230
7231;516
7235;7237
7238;516
7240;1243
7242;535
7251;531
7256;531
7258;531
7260;7272
7273;7274
7275;7277
7278;7281
7282;7285
7286;7288
7293;7297
7298;7300
7301;7303
7307;6593
7328;7330
7331;7334
7342;6706
7345;426
7346;7348
7349;7352
7353;7356
7357;7359
7363;7366
7370;3933
7372;7376
7377;3933
7378;1710
7381;7384
7385;689
7387;7389
7390;709
7392;5287
7395;749
7401;5272
7403;7405
7406;7410
7411;7414
7425;7427
7428;7433
7434;1765
7435;1849
7437;7439
7440;7442
7443;7446
7452;7455
7456;7459
7460;7465
7466;7469
7470;7471
7472;7473
7474;7477
7480;7481
7482;7485
7486;7489
7490;4327
7496;7497
7498;7500
7501;7506
7507;7047
7510;7514
7515;7518
7519;1243
7521;7524
7525;1903
7527;7528
7529;7531
7538;7551
7552;7556
7557;1038
7558;7561
7562;7570
7571;7578
7579;7584
7585;5847
7587;313
7589;3236
7591;5847
7595;313
7597;5847
7600;313
7602;7604
7610;313
7615;1769
7618;7621
7622;7628
7629;7632
7633;7636
7637;7640
7641;7643
7644;7647
7648;1873
7649;420
7650;460
7658;460
7659;460
7660;460
7662;1194
7663;7664
7665;6993
7666;6993
7667;6993
7668;7669
7670;7013
7671;7013
7672;7013
7673;7013
7676;494
7677;494
7678;494
7680;494
7683;494
7684;494
7685;494
7686;7688
7689;7692
7693;7704
7709;7711
7712;7714
7715;7717
7718;7722
7723;7725
7728;7730
7731;7733
7737;7739
7740;7742
7745;7746
7747;7750
7758;1243
7759;516
7761;516
7763;5027
7767;540
7769;540
7770;609
7773;7777
7778;7779
7780;7781
7782;7784
7785;7788
7789;122
7792;1278
7799;7801
7802;7804
7805;709
7809;7812
7813;7815
7816;7817
7818;7819
7820;7823
7824;7827
7831;7835
7836;7838
7839;7845
7846;7852
7864;7869
7870;7872
7873;7877
7878;7882
7886;7888
7893;7895
7896;7898
7899;7903
7904;7908
7909;7913
7914;7916
7917;7922
7923;7928
7929;7932
7933;7936
7937;7940
7941;7944
7952;7954
7955;7960
7961;7966
7967;2728
7973;7977
7978;7982
7990;7992
7993;7997
7998;8002
8003;8007
8008;8012
8013;8016
8021;8024
8025;8028
8029;8035
8036;8038
8045;8049
8050;8052
8053;8056
8057;516
8060;531
8062;8065
8066;540
8068;8069
8070;8074
8075;1602
8079;8082
8083;8085
8086;1270
8087;8090
8091;5111
8093;8095
8096;8100
8101;8106
8107;8110
8111;8115
8116;2017
8119;5239
8122;5239
8147;129
8149;8151
8155;8157
8162;8166
8167;8170
8171;8181
8194;8196
8197;8203
8204;8206
8207;8209
8210;8213
8222;8224
8244;3236
8246;5969
8247;4421
8251;8255
8256;8261
8262;8264
8265;1859
8266;8268
8269;460
8272;6962
8273;1194
8274;8277
8278;6991
8279;6993
8280;6993
8281;6993
8283;6993
8284;6998
8285;7013
8286;7013
8287;7013
8288;7013
8289;7013
8299;8301
8302;8306
8307;8311
8312;8316
8317;8320
8321;4970
8322;8327
8328;535
8329;5027
8331;540
8333;8338
8339;8343
8348;8350
8351;8353
8354;2664
8360;8364
8365;6933
8369;1673
8372;6503
8373;1658
8378;1710
8380;1710
8382;8385
8386;78
8388;8390
8415;5272
8417;8421
8422;8428
8454;8455
8456;8458
8459;8462
8463;739
8466;8467
8468;8472
8491;8487
8497;925
8498;8501
8502;540
8505;8508
8509;8513
8514;8518
8519;8521
8522;8523
8524;8527
8528;8531
8537;8540
8541;8546
8547;8550
8555;8558
8570;8573
8576;4331
8592;8596
8597;8599
8608;8613
8614;8616
8617;8623
8630;8633
8634;8637
8638;8643
8644;8650
8651;8654
8658;8660
8661;8664
8678;6824
8687;8690
8691;3340
8693;420
8696;1177
8705;460
8707;460
8710;1194
8712;1194
8717;6998
8718;7013
8719;7013
8720;7013
8723;7013
8724;494
8726;494
8728;494
8729;8732
8733;1101
8742;8744
8745;8748
8749;8751
8752;8756
8757;5132
8758;8761
8762;8764
8765;8768
8769;8773
8774;7369
8779;8782
8789;8793
8794;8799
8800;506
8804;122
8807;122
8810;8817
8818;1243
8825;8828
8829;1278
8832;8836
8837;8841
8842;531
8844;2367
8851;8857
8858;8867
8868;8876
8877;5027
8888;540
8890;540
8896;8900
8901;535
8905;540
8908;8910
8911;8915
8916;1278
8918;8921
8922;78
8925;8931
8932;78
8933;8934
8935;1602
8943;8947
8948;8950
8951;8954
8955;6535
8961;8965
8966;8969
8970;8976
8979;8985
8986;8991
9006;9009
9010;9013
9014;9016
9017;9020
9021;9023
9024;129
9030;9035
9036;9039
9040;9048
9049;9051
9052;9054
9055;93
9057;93
9058;93
9060;93
9069;9073
9074;9132
9133;1710
9135;1710
9141;9143
9144;9148
9153;9156
9157;9160
9161;9166
9167;9170
9171;9176
9180;9181
9182;9185
9186;9188
9189;9191
9192;9194
9195;9197
9203;9202
9205;9207
9208;9209
9210;739
9213;5272
9215;9224
9228;1335
9229;9232
9239;5272
9241;5272
9243;9246
9252;739
9255;5287
9258;749
9261;9264
9265;1365
9272;9274
9278;9281
9286;9287
9296;9299
9300;9303
9306;9317
9318;9320
9321;9323
9324;9328
9329;9330
9338;9339
9391;9393
9394;9398
9399;9401
9402;9404
9405;9409
9410;9411
9412;9414
9423;9426
9427;9432
9433;9436
9437;9439
9440;9443
9444;4889
9445;4223
9447;9453
9456;925
9460;9461
9462;9465
9466;9468
9469;5847
9473;9477
9478;9482
9483;8633
9485;8828
9491;9496
9502;9511
9512;9520
9521;9524
9525;9528
9529;3233
9531;9537
9538;9542
9543;9550
9551;7584
9554;7584
9558;3236
9560;4413
9564;313
9566;8660
9569;310
9571;3236
9573;313
9575;9577
9578;1781
9580;9581
9582;4421
9586;9589
9590;9595
9596;9599
9600;9602
9603;9605
9609;9611
9612;3326
9614;9621
9643;9646
9647;9652
9653;1854
9656;420
9658;417
9659;9660
9661;3337
9663;417
9665;1903
9667;9669
9670;9672
9675;9669
9680;5866
9681;9683
9684;9686
9690;460
9691;460
9692;460
9695;460
9696;460
9703;460
9705;460
9707;460
9709;460
9711;460
9713;460
9714;460
9715;9716
9717;460
9724;460
9725;460
9726;1194
9727;6962
9728;1194
9729;6993
9730;6993
9732;6993
9733;6993
9734;6991
9735;9739
9740;9741
9742;6993
9743;6998
9744;6998
9745;6998
9746;7013
9747;7013
9748;7013
9752;7013
9753;7013
9754;7013
9755;7013
9756;7013
9757;7013
9759;494
9761;494
9763;9766
9774;9776
9781;2148
9784;9786
9787;9788
9795;9797
9798;7288
9801;9806
9807;122
9808;9810
9811;9814
9815;9818
9819;516
9822;531
9824;531
9828;540
9837;1278
9840;2017
9842;689
9843;9849
9850;749
9853;749
9856;9857
9858;9863
9867;310
9871;460
9872;7013
9873;7013
9874;7013
9878;2728
9886;531
9888;2728
9890;531
9891;540
9910;122
9911;1335
9914;709
9917;749
9920;9922
9931;9933
9953;2656
9956;9960
9961;9966
9967;9970
9971;9975
9976;925
9978;925
9981;9982
9983;1243
9985;516
9988;9991
9992;9998
9999;3704
10001;1038
10003;10006
10007;10010
10011;10017
10018;10021
10022;10024
10025;10031
10034;10035
10036;10037
10038;10045
10046;10047
10048;10049
10050;420
10051;3335
10053;10054
10055;417
10056;460
10058;10059
10060;6998
10066;494
10067;494
10069;494
10071;494
10075;10077
10078;10080
10090;10093
10094;10098
10099;2148
10100;10104
10105;310
10113;3236
10118;10121
10122;313
10126;10129
10130;10135
10172;10176
10177;10179
10180;10186
10207;10211
10212;10215
10218;10221
10245;1873
10247;426
10248;1243
10249;10049
10250;535
10253;3337
10256;531
10258;535
10260;460
10261;460
10263;460
10270;460
10272;540
10274;460
10275;6998
10276;6993
10277;6998
10282;6998
10283;7013
10289;3647
10295;7013
10296;6424
10298;7013
10299;7013
10300;10303
10308;2347
10310;494
10311;10314
10315;494
10317;10323
10325;10330
10331;10332
10333;10336
10337;7788
10339;10342
10343;1658
10347;10336
10349;10351
10352;10353
10357;10361
10362;129
10366;10368
10372;93
10378;709
10384;10393
10400;5272
10404;10411
10412;10416
10417;2512
10420;749
10421;5287
10423;5287
10426;5287
10429;749
10430;6420
10432;10436
10440;10443
10444;10448
10449;10452
10453;10455
10456;10464
10465;10470
10471;10476
10477;914
10479;516
10482;516
10485;1101
10488;10490
10498;6413
10500;6184
10502;10506
10563;10567
10568;10571
10572;10573
10574;10576
10584;10589
10596;10599
10600;10603
10604;3748
10606;10608
10609;10610
10611;10615
10616;10620
10621;10622
10623;10626
10627;10629
10630;10635
10646;10649
10650;10653
10664;8744
10665;10669
10670;10679
10680;10690
10691;10694
10695;10700
10710;10713
10714;10718
10719;2438
10725;10728
10729;10736
10737;10739
10740;10743
10750;1390
10751;10753
10754;10758
10759;10766
10767;10770
10771;5272
10773;10776
10777;5272
10779;10780
10781;10785
10788;10793
10794;10801
10830;10452
10840;10843
10848;10452
10855;10858
10868;10869
10876;10886
10887;10891
10892;10895
10896;8462
10898;10900
10901;10905
10910;10615
10915;10918
10919;10921
10922;10924
10928;6763
10930;10933
10934;10936
10937;1243
10939;9334
10940;10943
10944;10306
10947;10950
10951;10955
10956;10958
10959;10963
10964;10965
10966;10970
10976;10980
10981;10986
10990;10994
10995;10998
10999;11001
11010;11012
11013;11017
11018;11021
11022;11026
11027;11030
11034;11037
11038;11039
11040;11043
11044;11050
11051;11055
11056;11061
11062;10054
11064;1873
11066;3337
11070;3335
11074;1167
11075;1167
11077;11079
11080;1167
11081;6925
11082;11083
11086;11087
11088;6917
11094;460
11095;460
11098;460
11103;1194
11105;1194
11107;6998
11108;6998
11109;9207
11111;11116
11117;11120
11121;11123
11124;11128
11129;11131
11132;11135
11136;11140
11146;11149
11150;11153
11160;11163
11164;11165
11166;535
11171;531
11173;535
11175;540
11177;11179
11187;11192
11193;11196
11197;11204
11214;11218
11219;11224
11225;11232
11233;11235
11236;11238
11241;11245
11247;11252
11259;11262
11265;1278
11268;11270
11271;2438
11273;6625
11278;11281
11282;11286
11287;11290
11291;11294
11295;1710
11297;11290
11303;10490
11315;11316
11317;1109
11319;11323
11324;11327
11328;6998
11329;7013
11331;7013
11332;494
11334;494
11335;494
11337;11343
11344;6998
11345;11347
11348;11353
11360;11362
11363;11368
11369;11371
11372;3236
11374;4413
11378;313
11381;11385
11386;8277
11390;11393
11394;8170
11396;11398
11399;9227
11402;11404
11405;11408
11409;11411
11412;11414
11415;11417
11418;1243
11422;11424
11425;11427
11428;417
11430;11435
11436;11438
11439;11441
11442;11445
11446;11453
11454;11457
11458;11460
11461;506
11463;11467
11468;1243
11470;516
11473;516
11475;516
11478;531
11480;531
11482;540
11483;540
11485;11487
11488;122
11493;11495
11496;9160
11503;11505
11506;11516
11528;1223
11529;11536
11537;11258
11541;11544
11553;11556
11557;1243
11558;1243
11560;11562
11566;11569
11570;11576
11577;11579
11584;2131
11586;11590
11591;11594
11595;6824
11600;6824
11609;11613
11614;11615
11616;423
11617;3335
11620;11622
11623;6993
11624;6991
11625;6993
11626;6993
11627;6993
11628;7013
11633;494
11634;494
11637;11642
11643;11648
11649;11654
11655;11657
11658;11664
11665;11669
11670;11673
11674;11677
11678;11681
11682;11683
11684;11687
11688;11690
11694;1262
11697;11698
11699;11704
11705;11723
11724;11727
11728;1673
11734;2373
11752;78
11753;11755
11763;11764
11765;11769
11770;11775
11776;5287
11779;11781
11782;11787
11791;11795
11796;11797
11798;11800
11801;11806
11807;11809
11810;11813
11817;11819
11820;11819
11824;11826
11827;2724
11833;11836
11837;1243
11839;540
11844;11846
11847;11851
11852;11857
11858;11862
11870;11872
11873;11875
11881;11884
11885;494
11886;494
11887;11890
11891;11894
11895;11897
11901;1490
11907;11909
11910;11912
11913;7584
11918;6812
11926;11928
11930;11931
11933;11934
11935;11937
11938;11939
11940;11942
11943;11945
11946;11947
11950;420
11952;417
11955;1158
11957;10049
11959;426
11962;1854
11963;417
11965;11967
11968;3335
11970;1873
11971;1862
11973;8268
11975;9689
11976;460
11980;460
11981;460
11982;460
11983;11985
11986;6991
11987;6993
11988;6993
11989;6998
11991;7013
11994;494
11995;531
11997;11999
12003;12007
12008;1101
12011;12013
12014;535
12016;12018
12019;12021
12022;12024
12025;12028
12037;12039
12040;1335
12041;8462
12044;12047
12048;12050
12051;12053
12054;12056
12057;12059
12060;12062
12067;12070
12071;12073
12074;12076
12077;12079
12083;3964
12086;12090
12091;1243
12092;12094
12097;516
12102;12104
12105;12108
12109;531
12113;535
12115;540
12117;540
12118;540
12120;540
12121;540
12123;540
12129;12131
12132;12134
12135;12140
12147;12152
12153;7584
12156;4413
12158;12161
12162;12164
12165;1854
12169;12173
12174;460
12177;6998
12178;6998
12179;6998
12180;6998
12182;7013
12183;7013
12184;12187
12188;12192
12193;12194
12195;12199
12200;12203
12204;12207
12214;12218
12219;12222
12223;2664
12226;12230
12240;12244
12245;12247
12248;12250
12251;12254
12255;12257
12258;12261
12262;12271
12278;12282
12283;122
12284;12287
12291;1278
12298;78
12301;12305
12306;129
12308;93
12310;12314
12315;12318
12319;689
12321;78
12323;6625
12325;1710
12327;12329
12330;9166
12333;9232
12345;12350
12351;12355
12356;12357
12358;12364
12365;12364
12371;12376
12377;12380
12381;12389
12390;5287
12393;12402
12403;12407
12408;12410
12415;9295
12421;12422
12423;12426
12427;12429
12430;9857
12431;12433
12434;2668
12436;12440
12441;12444
12445;12447
12448;9550
12451;12455
12456;12458
12459;10936
12461;12463
12464;12465
12466;1243
12468;516
12469;12471
12472;12477
12478;12481
12482;12488
12507;12512
12513;12516
12517;3236
12519;313
12522;7604
12549;12553
12554;12556
12560;12561
12562;12563
12564;12565
12566;12567
12568;6876
12569;12570
12575;12576
12577;12578
12580;12581
12582;12590
12595;1862
12597;420
12599;1167
12600;9683
12603;9686
12605;9689
12607;494
12608;460
12609;460
12611;460
12616;460
12618;12622
12623;460
12633;12636
12637;1194
12645;1194
12646;12650
12651;1194
12652;1194
12653;6993
12654;6993
12656;6993
12657;6998
12659;6998
12660;7013
12661;7013
12662;7013
12663;7013
12667;7013
12668;12669
12670;7013
12671;7013
12673;494
12675;494
12677;494
12678;494
12679;494
12681;12686
12687;12690
12691;1490
12700;12702
12703;6518
12710;4413
12713;12714
12715;12718
12722;12724
12725;12727
12728;8744
12731;12734
12735;12738
12739;12746
12747;12748
12752;10490
12755;12760
12761;122
12766;1289
12768;8867
12776;8867
12778;12781
12788;1658
12792;2438
12794;12796
12797;2438
12798;8931
12802;5246
12811;78
12813;78
12816;12820
12821;8947
12826;12831
12832;129
12833;12835
12836;12841
12842;93
12844;93
12846;93
12849;4688
12860;12796
12867;1697
12871;12873
12883;9550
12885;4413
12887;709
12890;709
12892;709
12895;12896
12897;12902
12903;12906
12907;12918
12919;8414
12922;1335
12930;12936
12937;12947
12948;12957
12958;12967
12968;4625
12971;5287
12977;12979
12980;5287
12983;749
12986;749
12988;749
12991;12996
12997;13002
13003;13011
13012;13014
13015;8490
13018;749
13023;13025
13026;771
13039;13045
13046;13048
13049;6763
13051;13053
13056;13058
13059;13061
13062;2297
13064;13066
13067;13069
13070;13072
13073;13074
13075;13077
13078;13081
13083;2649
13084;13086
13087;13090
13101;13103
13104;13107
13108;13109
13110;13109
13111;13113
13114;13117
13128;4219
13131;7047
13138;13143
13144;1243
13146;1243
13148;13150
13151;13152
13153;13155
13156;13159
13160;13164
13165;13167
13171;13172
13173;13175
13176;13179
13180;1490
13183;4327
13185;4327
13187;4327
13188;7500
13190;4329
13192;13196
13197;13199
13200;2141
13203;13205
13206;13211
13212;13217
13218;13221
13229;13231
13232;13235
13240;1119
13246;13248
13249;13256
13265;13269
13270;13277
13278;13283
13284;13286
13288;13294
13298;9511
13303;13306
13307;13312
13313;13317
13323;13327
13328;13334
13335;13339
13340;313
13342;8660
13345;3236
13348;313
13352;4421
13358;4419
13361;10035
13367;8677
13370;13374
13375;13379
13380;13385
13392;13394
13395;13398
13399;13403
13404;13406
13407;13412
13413;13414
13417;6899
13419;6899
13422;13424
13425;13427
13432;13434
13435;13437
13438;13440
13441;10215
13444;13447
13448;13451
13452;13454
13455;6141
13457;10049
13459;1158
13460;1862
13461;1873
13462;417
13463;1158
13465;426
13466;9660
13467;13468
13469;1158
13470;9660
13473;3337
13480;13482
13485;13488
13489;13491
13492;13495
13497;460
13498;460
13499;460
13501;460
13502;460
13503;460
13505;460
13513;13514
13515;460
13517;460
13519;1194
13520;1194
13521;6962
13522;1194
13523;1194
13524;6993
13526;6993
13529;6993
13530;6980
13532;6998
13533;7013
13534;6998
13535;6998
13536;7013
13537;7013
13539;7013
13541;7013
13542;7013
13543;7013
13545;7013
13546;7013
13547;13548
13549;7013
13550;7013
13552;7013
13553;7013
13554;7013
13555;7013
13556;494
13558;494
13561;494
13562;494
13563;494
13564;494
13566;494
13567;494
13569;494
13572;494
13576;494
13577;494
13578;494
13580;494
13581;494
13583;494
13585;13590
13596;13600
13607;8052
13610;506
13617;13619
13620;13624
13628;13633
13634;13635
13636;516
13639;13643
13644;8857
13646;1243
13648;8857
13654;13657
13658;13660
13661;540
13664;540
13666;540
13668;540
13670;540
13674;540
13676;540
13678;13679
13680;10567
13690;12187
13691;13694
13698;1602
13701;13703
13704;13707
13708;13710
13711;3748
13712;13716
13724;13727
13728;2664
13733;2664
13738;13741
13742;13746
13747;10303
13749;13751
13752;13754
13755;13758
13759;2664
13762;2664
13765;13768
13769;13772
13773;13775
13778;13781
13782;11727
13789;13791
13792;1473
13794;1473
13808;13811
13812;13813
13814;13815
13816;13818
13820;13822
13823;13826
13832;1101
13835;13791
13843;13846
13847;13851
13852;13860
13861;13864
13865;13868
13869;13872
13873;13876
13880;98
13890;13893
13895;13902
13903;13908
13909;5847
13911;3236
13913;1609
13914;13916
13917;13919
13923;13925
13926;13930
13931;13934
13935;122
13938;122
13940;5239
13942;102
13955;13959
13964;13967
13968;13971
13976;3662
13982;13984
13985;13987
13988;8657
13992;14002
14003;14016
14017;14022
14023;14025
14026;5287
14028;749
14029;749
14035;749
14037;14039
14040;14043
14044;14047
14051;14053
14054;14056
14057;14059
14065;14067
14068;9814
14070;14073
14077;14079
14080;14081
14087;9966
14093;14096
14097;14100
14101;1243
14104;516
14105;14108
14109;516
14111;516
14118;531
14120;531
14122;14123
14124;14130
14131;14133
14134;14137
14138;14146
14147;14150
14151;14153
14154;2007
14156;4576
14163;14166
14167;1270
14175;14181
14182;14185
14188;14193
14194;14200
14201;14207
14208;14213
14219;14229
14230;14236
14237;14244
14245;14249
14250;2438
14253;2438
14256;3662
14270;14273
14274;14282
14283;14288
14289;14293
14294;129
14301;14302
14303;14308
14309;14311
14312;93
14317;14319
14320;14326
14327;14331
14332;14335
14336;14344
14349;14350
14351;14353
14354;14356
14357;14363
14364;14367
14370;14373
14374;14376
14383;14385
14386;14388
14389;14392
14393;2656
14394;14401
14407;5712
14410;531
14412;5027
14415;14500
14501;2131
14503;14510
14511;14514
14520;14522
14523;14528
14529;14538
14539;6785
14542;14546
14547;3236
14549;3268
14552;14557
14561;14566
14567;14571
14572;420
14573;426
14582;14584
14585;1158
14586;5864
14589;14592
14593;14594
14595;14594
14597;14598
14599;9689
14600;460
14603;6962
14604;6962
14605;1194
14607;14611
14612;6991
14613;6993
14614;6993
14615;9750
14618;6993
14619;6998
14620;7013
14621;7013
14622;7013
14623;9750
14626;7013
14627;7013
14628;7664
14629;7013
14630;7013
14633;494
14635;494
14637;494
14639;494
14640;14643
14644;494
14646;476
14653;14655
14656;14663
14664;14672
14673;14675
14679;14681
14685;14687
14691;14698
14699;14700
14704;14707
14708;14717
14718;14722
14727;14728
14729;14731
14732;14740
14741;14750
14754;14756
14757;14769
14770;14772
14775;1101
14777;2728
14778;14783
14784;14787
14788;14790
14794;14796
14797;14801
14805;14812
14815;14817
14818;14823
14824;14827
14829;4421
14832;10035
14839;14842
14846;460
14847;460
14848;460
14850;6993
14851;6993
14852;6998
14853;494
14854;14857
14858;14861
14862;10244
14863;14870
14875;14877
14878;14881
14882;14888
14889;14892
14893;14896
14900;14908
14913;14917
14918;14922
14923;14930
14931;14933
14934;14941
14942;14947
14948;14952
14953;14962
14963;14965
14966;14972
14973;14974
14975;14977
14978;14980
14981;14982
14988;14989
14990;14999
15011;15014
15018;15022
15023;2131
15026;15033
15034;15037
15040;13221
15045;15048
15049;15053
15054;15060
15061;15063
15064;15068
15069;15072
15073;1243
15075;1243
15077;516
15078;15081
15082;516
15087;516
15088;15090
15091;15095
15096;15098
15111;15119
15120;15122
15126;15129
15134;535
15137;531
15139;531
15141;15143
15144;15146
15147;15149
15150;12018
15153;3748
15155;15159
15160;15163
15164;15167
15168;15173
15174;15177
15178;15181
15182;15189
15190;15192
15208;15212
15230;15232
15233;15234
15235;15237
15239;15241
15250;15253
15257;15263
15264;98
15267;15269
15270;10303
15271;15273
15274;11487
15280;15285
15286;15288
15289;15292
15293;15296
15297;13751
15299;7013
15306;15309
15310;15309
15312;15314
15315;15323
15324;7013
15325;7013
15326;7013
15327;7013
15328;7013
15331;494
15332;494
15335;494
15336;494
15338;494
15339;15345
15346;15348
15349;494
15350;494
15353;494
15356;15360
15361;494
15364;494
15366;494
15368;15372
15373;494
15374;15377
15378;494
15379;15383
15384;15386
15387;15388
15393;15400
15401;15256
15421;15423
15429;15305
15431;15439
15440;8764
15444;1658
15448;15451
15464;122
15465;1278
15468;15471
15472;15474
15475;15479
15480;1278
15487;78
15490;15492
15493;11362
15498;129
15501;15505
15514;15517
15518;15520
15521;15525
15529;93
15534;93
15536;15539
15540;15543
15549;689
15552;2438
15555;15561
15562;15569
15570;15574
15584;15588
15592;1335
15593;709
15596;709
15602;15605
15606;15608
15609;15614
15620;15622
15626;5272
15629;5272
15632;15635
15636;15641
15642;15644
15645;15648
15649;739
15660;5287
15663;15664
15665;12407
15669;15674
15675;15680
15681;15682
15685;15686
15687;15688
15689;15691
15692;771
15697;15699
15700;15704
15705;12422
15710;15714
15715;15716
15717;15719
15720;15726
15727;15734
15741;15744
15745;15747
15748;15751
15756;15758
15759;15762
15763;15765
15766;11540
15767;12053
15771;13086
15774;15777
15778;15779
15780;15783
15784;15787
15788;15795
15796;15799
15800;15801
15802;15804
15805;15808
15809;15811
15816;15819
15820;15824
15825;6970
15826;15827
15828;15836
15837;15840
15841;15848
15849;15853
15854;15858
15859;15863
15864;15867
15868;15872
15873;15878
15879;15883
15884;15888
15889;15892
15893;15897
15898;15902
15903;15906
15913;15918
15919;15920
15921;15925
15926;15930
15935;15943
15944;15948
15949;15952
15953;15474
15954;15965
15966;15970
15971;15972
15973;13264
15982;15985
15986;15993
15994;15996
15997;9550
16003;16006
16007;4413
16009;16013
16014;313
16017;925
16019;925
16021;313
16023;9788
16028;8277
16031;5969
16034;9589
16035;6824
16036;16038
16043;16046
16047;16050
16051;16053
16054;16055
16056;531
16058;16061
16062;16064
16065;16055
16066;16055
16067;16069
16070;11404
16071;16075
16076;16078
16079;16069
16081;16084
16085;16087
16088;16091
16101;16106
16110;16111
16117;11615
16119;1859
16121;417
16122;1158
16123;417
16124;426
16127;1862
16128;1897
16129;6917
16131;6925
16133;6925
16134;16137
16140;16143
16144;16146
16166;3748
16168;460
16169;460
16171;460
16172;460
16173;460
16175;460
16180;1194
16181;1194
16182;1194
16185;6993
16186;6993
16187;6993
16188;6998
16189;16190
16191;6998
16193;6998
16194;6998
16195;6998
16196;6998
16197;6998
16198;6998
16199;16201
16202;709
16208;16211
16212;16214
16215;16218
16219;16223
16229;16236
16237;16240
16241;16244
16245;16252
16256;16259
16260;16262
16263;16269
16270;16276
16277;16278
16279;7932
16283;7932
16286;16292
16293;16296
16297;16304
16305;3236
16307;7013
16308;7013
16309;7013
16310;494
16313;16317
16318;16324
16360;16362
16363;16368
16395;16399
16400;13103
16409;16412
16413;16416
16417;16420
16421;16430
16434;13109
16438;16441
16442;16443
16444;16447
16448;16452
16457;16462
16463;16467
16468;531
16470;16473
16477;16479
16480;709
16482;5287
16485;2649
16486;1441
16490;8100
16495;16502
16503;16506
16507;7500
16509;4331
16517;16519
16523;2714
16530;313
16532;10049
16533;16537
16538;93
16540;5864
16545;4421
16546;9605
16548;1862
16549;3340
16550;460
16553;7013
16554;494
16556;16559
16560;16563
16568;417
16570;16574
16599;16605
16637;16643
16651;16655
16694;16697
16702;16706
16751;16754
16766;16772
16787;16791
16803;16806
16817;16822
16826;16830
16848;16855
16886;16892
16901;16905
16940;16942
16951;16958
16968;16971
16981;16984
16987;16991
17013;1401
17014;17017
17022;17027
17036;17040
17083;17094
17106;17111
17135;17142
17154;17160
17172;17178
17179;17184
17194;17196
17197;17202
17218;17229
17256;17261
17264;17269
17296;516
17299;16494
17302;17306
17367;129
17370;17376
17429;17437
17462;17465
17483;17488
17508;17512
17528;17536
17550;17552
17553;17555
17556;17561
17562;494
17565;17569
17583;17590
17592;17594
17595;17598
17599;17602
17603;17608
17611;17614
17623;17627
17651;17655
17680;17686
17721;17725
17762;17766
17767;17775
17809;17814
17840;17849
17859;98
17861;749
17864;1781
17868;2240
17875;17884
17899;17901
17902;17904
17905;540
17906;17908
17909;17911
17912;17914
17915;540
17916;540
17917;17919
17920;17925
17951;17954
17955;17961
17980;17988
18005;18012
18021;18026
18050;18053
18121;18128
18138;18146
18159;18165
18181;18185
18192;18196
18212;18216
18224;18229
18244;18248
18270;18275
18321;18325
18335;18340
18361;18366
18395;18403
18419;6830
18422;3335
18423;18428
18463;18473
18502;18508
18521;18525
18526;18530
18531;8508
18533;12250
18540;18543
18557;18560
18570;18571
18572;18574
18575;11727
18577;18581
18582;18585
18586;18588
18589;18591
18603;18606
18607;18610
18611;18615
18616;18620
18629;18654
18655;18663
18676;18679
18683;6970
18685;18689
18690;18694
18697;18705
18713;18716
18720;10035
18721;1194
18722;1194
18723;6197
18725;1609
18728;18731
18741;531
18743;18747
18748;18750
18751;6998
18752;494
18754;18758
18759;18763
18764;18766
18767;18769
18770;18777
18782;18784
18788;18791
18792;7384
18794;18798
18799;18801
18802;18804
18805;18804
18810;18813
18823;18827
18828;18831
18834;609
18837;18840
18846;5107
18848;5132
18851;10452
18852;18855
18856;18859
18863;18865
18870;18872
18873;18880
18881;18883
18884;1854
18885;18886
18887;18891
18892;1167
18894;11079
18896;10336
18898;18901
18902;5864
18904;18909
18910;18916
18917;18920
18921;18928
18929;18933
18934;18937
18938;18941
18947;18950
18951;18961
18962;18965
18966;18967
18968;313
18970;3236
18972;3236
18975;310
18977;18983
18984;18987
18988;18993
18994;18995
19000;19001
19002;19004
19005;19010
19011;19014
19015;3236
19018;19024
19026;19028
19029;6200
19031;19036
19059;19062
19065;19068
19069;19071
19072;19082
19087;19088
19089;19091
19096;19100
19101;19105
19106;19112
19113;19116
19117;19125
19126;19128
19133;19139
19164;19167
19168;19173
19181;19187
19188;19194
19201;19204
19205;19207
19215;19219
19220;19223
19231;19233
19247;19253
19264;19267
19284;19288
19289;19292
19293;19296
19306;19312
19313;19319
19340;19342
19343;19345
19346;19351
19352;19360
19361;10452
19368;19371
19375;19378
19379;19385
19386;19393
19394;19398
19401;19405
19435;19437
19438;19441
19442;19444
19445;19448
19454;19459
19460;19465
19466;3704
19471;19474
19475;7940
19480;19483
19484;19487
19488;19490
19497;19499
19500;19503
19504;19507
19508;19511
19512;19514
19515;19520
19521;19526
19536;19538
19544;5864
19547;19549
19550;19554
19559;460
19560;19568
19569;19576
19577;19580
19581;19586
19587;19590
19591;19596
19597;19599
19600;19602
19603;6114
19607;19612
19619;13398
19622;1194
19623;7013
19624;19626
19627;19629
19630;19633
19634;19637
19638;16064
19644;19647
19648;19651
19652;19656
19657;19661
19662;19664
19665;19667
19668;19670
19671;19675
19676;19679
19680;19682
19683;19685
19686;19689
19690;19693
19694;19696
19697;12056
19700;19702
19703;8660
19706;19708
19711;19715
19716;19719
19720;535
19722;19725
19726;19728
19729;19731
19732;19734
19735;19738
19739;1602
19740;19743
19744;19751
19752;19754
19755;19758
19759;19762
19776;19780
19781;19786
19787;19791
19792;19799
19800;19810
19811;19814
19815;19819
19823;19826
19830;19834
19835;19842
19843;7604
19848;12516
19850;13482
19853;460
19855;10033
19856;3285
19857;3
19863;19866
19867;19870
19871;19874
19877;19879
19880;19882
19883;19886
19887;19891
19920;19923
19924;689
19933;19345
19934;19936
19937;19941
19942;19944
19945;4329
19947;19951
19952;19954
19955;540
19957;19961
19962;19965
19966;19969
19970;19975
19979;19983
19984;19990
19994;19997
19998;20002
20003;20009
20010;20014
20015;5847
20018;20022
20023;313
20025;460
20030;20035
20044;20046
20047;93
20048;20051
20055;20058
20059;20061
20062;1223
20064;20066
20067;20069
20070;122
20072;19664
20074;516
20077;20081
20082;20085
20086;20093
20094;20097
20098;1658
20100;20102
20106;20108
20109;20111
20112;20117
20118;5990
20120;20122
20123;6993
20124;494
20126;20130
20131;20135
20136;20142
20143;20144
20145;20148
20149;494
20152;7384
20153;20156
20157;20160
20164;10694
20172;20176
20179;20183
20187;2512
20190;20194
20195;20198
20208;531
20214;20221
20231;20234
20235;20238
20239;20244
20245;20251
20252;20256
20257;313
20261;20263
20279;20281
20282;20286
20291;460
20293;1194
20295;2728
20297;20300
20301;7013
20303;6197
20312;20315
20320;20323
20324;20331
20332;20335
20336;20339
20340;4688
20346;20349
20350;20353
20354;20356
20357;20361
20362;20366
20367;20370
20371;6573
20375;20380
20381;20382
20383;93
20385;20389
20390;20393
20399;20400
20401;20407
20408;20412
20416;20422
20423;535
20425;20429
20430;11467
20432;20435
20436;20442
20447;20450
20451;12556
20455;494
20456;20459
20460;535
20461;20463
20464;20466
20467;20472
20473;20477
20478;20482
20483;20486
20489;20490
20491;20493
20494;20497
20498;20500
20501;20507
20508;3
20511;20514
20515;20518
20519;20525
20526;3236
20529;313
20531;3249
20532;20534
20543;10054
20544;20547
20548;20551
20552;20554
20555;20559
20560;20562
20563;20565
20566;20568
20569;20573
20574;540
20582;20585
20586;20589
20597;20599
20608;20610
20611;13751
20617;20619
20620;20624
20625;20630
20636;19602
20639;20641
20642;20648
20649;20652
20653;122
20656;20670
20671;2017
20674;122
20676;20682
20683;20686
20687;20690
20699;20701
20702;20706
20710;2007
20715;20718
20719;19936
20721;20724
20725;20727
20728;20733
20734;20738
20739;19990
20740;20743
20744;20746
20747;8353
20749;20752
20753;20756
20757;15305
20759;15305
20761;20765
20766;20769
20770;102
20772;20774
20775;12287
20780;20783
20784;20787
20788;749
20796;20805
20806;20810
20811;20814
20817;8643
20820;20822
20823;20828
20829;20833
20834;20837
20838;313
20839;5990
20843;20846
20852;460
20854;460
20856;20858
20870;10886
20873;12410
20875;9836
20877;20881
20892;20895
20896;6763
20898;20901
20902;20904
20905;20908
20909;20911
20912;20916
20917;531
20919;7781
20920;20922
20923;20925
20928;20938
20939;20942
20943;5789
20947;20950
20956;20958
20959;460
20960;20962
20970;20974
20975;1158
20982;20984
20985;20988
20989;20993
20994;20997
20999;21011
21012;6874
21014;9966
21029;21033
21034;21036
21037;1194
21038;21042
21043;6101
21044;21047
21048;516
21049;21055
21056;21061
21065;21068
21069;78
21070;78
21071;21074
21085;21088
21089;21091
21092;10336
21094;21096
21097;21084
21105;21107
21108;21112
21113;19941
21116;21119
21120;21123
21131;21133
21134;21137
21138;21141
21145;21147
21148;21151
21152;21155
21156;21160
21167;21169
21170;21173
21174;21175
21176;93
21179;21183
21186;15474
21188;313
21190;21192
21193;3
21198;21203
21204;21206
21207;21209
21210;21212
21213;21215
21216;21224
21225;21229
21230;21234
21235;21237
21240;21245
21246;21247
21248;1658
21250;20051
21255;129
21258;21262
21263;13011
21267;21268
21274;21278
21283;313
21286;21287
21288;460
21289;1194
21291;494
21294;21299
21309;21313
21314;21319
21320;21321
21322;21325
21326;21329
21340;21343
21348;21350
21351;21356
21357;1194
21360;494
21361;21368
21369;21371
21372;21375
21385;21387
21388;21397
21398;21403
21404;21408
21409;21413
21414;21417
21418;21421
21422;21426
21430;21433
21434;21439
21440;21444
21445;21447
21448;21451
21452;13963
21465;21468
21471;21474
21475;21478
21484;494
21487;494
21488;494
21489;21492
21493;21497
21498;21500
21501;21505
21506;21509
21510;21513
21515;21522
21523;21525
21530;10093
21532;21538
21539;21542
21548;21550
21551;1658
21552;21558
21559;21560
21570;21572
21573;21576
21577;21579
21585;21589
21590;21592
21593;21596
21597;21601
21602;21605
21606;21614
21615;21621
21622;11238
21629;21633
21643;21645
21646;21655
21656;21667
21676;21678
21679;21682
21687;21690
21691;21694
21701;21703
21704;21710
21711;21714
21715;21717
21718;21723
21724;1038
21728;21731
21737;21744
21745;21749
21750;8660
21753;21754
21755;5853
21763;494
21769;494
21771;494
21772;21774
21775;21780
21781;18689
21786;21788
21789;21792
21793;21798
21799;21802
21803;21805
21806;21810
21822;21824
21825;21827
21828;21831
21832;4908
21835;21838
21839;21842
21843;21846
21847;21850
21851;21854
21855;21859
21875;21879
21888;13434
21890;1170
21892;21902
21903;18804
21905;21907
21908;21912
21917;20938
21921;21925
21932;102
21934;10351
21935;122
21936;4625
21942;21945
21946;21949
21950;516
21952;21955
21962;535
21966;21972
21973;21976
21980;21983
21984;516
21985;21988
21992;21994
21995;5287
21998;22003
22004;22006
22007;1194
22008;1194
22012;22020
22021;22023
22025;22028
22029;22033
22034;22036
22037;22039
22040;22045
22046;8170
22048;22054
22058;22060
22061;313
22063;22065
22067;8732
22070;1243
22072;22074
22079;22082
22083;22087
22088;22091
22092;22097
22098;22101
22102;22106
22107;22114
22115;22117
22118;4180
22120;22122
22123;22126
22127;22129
22133;10033
22134;4419
22137;1781
22138;1769
22139;9589
22143;22146
22147;22150
22151;22153
22158;22164
22165;22168
22169;22173
22174;22178
22179;22183
22184;22186
22187;22193
22194;22196
22199;4419
22202;22205
22206;22207
22208;22210
22211;22217
22218;22220
22221;22224
22225;22228
22235;22240
22241;1322
22245;1194
22246;1194
22249;494
22250;494
22251;5712
22254;22257
22258;22262
22263;22265
22266;1339
22270;22271
22272;22274
22275;15583
22279;22283
22284;22287
22288;22291
22292;22294
22299;22302
22307;12447
22309;22313
22314;22316
22317;22319
22320;460
22321;22327
22340;22344
22361;8142
22364;22368
22369;1335
22372;22381
22382;22384
22393;1406
22394;12056
22396;22399
22400;22402
22403;22405
22406;22408
22409;22411
22412;22414
22415;22418
22419;22421
22422;516
22424;531
22426;531
22428;540
22432;22435
22436;22438
22439;22441
22442;6993
22443;7013
22444;22447
22452;506
22461;1243
22462;22465
22466;12018
22467;22469
22478;22484
22488;22491
22492;19734
22495;22498
22502;22506
22507;22510
22511;22513
22514;22516
22518;22521
22522;22526
22527;19941
22539;1289
22545;6589
22550;11079
22552;22553
22554;11079
22562;5864
22565;22567
22568;5864
22570;22573
22578;5864
22580;22581
22582;22585
22586;22588
22589;22593
22594;22597
22598;8414
22602;5287
22604;22609
22610;22613
22619;22620
22621;22626
22627;22629
22630;22631
22632;22635
22636;22640
22641;22643
22644;22647
22650;22653
22654;22660
22661;22664
22665;516
22667;22671
22672;20450
22678;22680
22681;22683
22684;3337
22689;16296
22691;1194
22692;22696
22697;494
22701;7013
22702;7053
22710;22712
22713;22715
22716;22720
22724;6489
22726;20922
22728;3977
22730;22732
22739;22741
22742;22747
22765;516
22766;1243
22768;22772
22777;22779
22780;22783
22784;22787
22788;22790
22791;5246
22794;18615
22801;22804
22805;22814
22815;22817
22818;22822
22823;22825
22826;22830
22831;22833
22834;22837
22841;22845
22846;22849
22850;16494
22860;22863
22864;22869
22880;22884
22885;22888
22889;22891
22892;22898
22899;22904
22905;22907
22908;6993
22909;494
22912;20828
22914;22918
22919;22923
22924;22926
22927;22931
22934;22936
22940;313
22942;22946
22947;3337
22949;460
22950;460
22952;1194
22953;6993
22954;22957
22958;22959
22960;22963
22966;21426
22969;22971
22972;22976
22977;22978
22981;22984
22985;22988
22989;22992
22993;1278
22994;22999
23000;23002
23009;23012
23013;23015
23016;23024
23025;23029
23030;23033
23034;23037
23038;23042
23043;23049
23050;2714
23052;2714
23055;23058
23059;23061
23079;23086
23087;23092
23093;3277
23100;3277
23103;5969
23104;8277
23107;23109
23110;23115
23116;16111
23117;23119
23120;3335
23122;1873
23123;7013
23125;23128
23129;23132
23133;23136
23143;23147
23152;23154
23155;23157
23161;23167
23168;23171
23172;4793
23174;23176
23182;23184
23185;5712
23187;23190
23191;2438
23194;23197
23198;19969
23200;23204
23205;23211
23217;23223
23224;23227
23228;23229
23230;23231
23236;23240
23241;23247
23248;21798
23256;23260
23261;23264
23265;23268
23269;23272
23273;23277
23278;23279
23280;603
23283;23286
23287;23291
23292;23295
23296;20339
23300;23303
23304;23310
23315;23319
23324;23330
23331;6960
23335;4419
23337;23338
23339;23342
23343;23346
23349;23352
23353;23354
23357;23362
23363;23368
23369;5789
23371;6777
23372;23377
23378;23381
23382;23384
23387;494
23388;494
23391;23395
23396;23397
23398;540
23402;23404
23405;23408
23409;23411
23412;23416
23417;23419
23420;23425
23426;23428
23429;23432
23433;914
23442;23444
23445;23447
23448;23451
23452;23456
23457;23461
23462;23465
23466;23468
23469;23471
23472;9788
23484;23487
23488;23491
23492;23494
23495;6465
23497;23500
23501;23505
23506;23510
23511;23513
23514;23517
23518;23520
23524;23538
23539;23541
23545;23547
23548;15952
23553;15474
23555;23559
23564;23567
23568;23570
23571;23574
23575;23579
23583;23584
23585;23587
23588;3345
23590;23594
23595;460
23596;460
23598;23602
23605;6962
23606;494
23607;494
23610;494
23616;13872
23630;1101
23649;22408
23651;23653
23654;23656
23657;23659
23660;23664
23672;19734
23673;23674
23675;23679
23680;23683
23684;23687
23692;554
23695;23697
23698;23701
23702;23705
23706;19978
23707;23710
23711;23713
23714;23716
23717;23721
23722;23724
23725;6962
23730;23734
23735;23739
23740;23743
23744;23747
23748;1319
23750;1710
23752;23758
23759;23764
23765;23767
23768;23771
23772;23774
23785;23792
23793;23796
23797;2512
23800;23808
23809;23814
23815;23816
23817;23826
23827;23832
23837;23839
23840;6489
23843;23847
23848;23849
23851;15305
23856;23861
23862;23303
23864;23867
23868;23878
23879;23886
23887;23890
23894;23898
23899;23902
23907;23912
23916;23919
23920;12056
23921;1423
23922;23924
23925;540
23928;23931
23932;23936
23937;23939
23940;23943
23944;23947
23948;23950
23955;23960
23961;5996
23963;460
23965;6197
23968;6197
23970;313
23976;23977
23978;23991
23992;23994
23995;23109
24000;494
24002;494
24005;6197
24008;24011
24012;22421
24014;24015
24016;24018
24019;24021
24025;24035
24036;24038
24039;554
24045;24047
24048;24053
24054;24059
24060;603
24062;24065
24069;16061
24072;1658
24078;8142
24082;24084
24092;23286
24096;15305
24097;24101
24102;24105
24106;771
24108;24111
24116;24122
24123;24126
24127;24129
24130;24133
24134;24136
24137;6625
24144;4760
24149;24156
24157;4038
24162;24165
24166;24171
24172;24174
24180;24185
24186;24189
24190;24195
24196;24199
24200;24204
24207;24208
24209;24211
24212;540
24216;12187
24218;24222
24223;24225
24228;24231
24232;24235
24236;24238
24239;24240
24241;24244
24246;24249
24250;18901
24251;20488
24252;24255
24256;24258
24259;24262
24263;24268
24275;24278
24279;24282
24285;24286
24287;22936
24292;24294
24295;20450
24296;24300
24301;24304
24309;22319
24311;24313
24314;24316
24319;417
24320;3335
24321;438
24329;24330
24331;460
24333;460
24334;460
24342;24344
24345;24348
24349;24351
24356;24360
24361;24364
24365;24368
24369;24372
24377;19637
24379;24380
24387;24391
24396;24398
24405;24410
24419;6960
24421;540
24423;7835
24429;24434
24435;24438
24439;24442
24443;24449
24450;13327
24454;24458
24461;24465
24470;24472
24478;10049
24481;24483
24484;844
24485;23494
24487;540
24489;24492
24497;24500
24501;24507
24508;24507
24513;24516
24517;24519
24520;24522
24523;426
24524;24526
24527;24530
24531;24536
24543;531
24545;24548
24549;16061
24550;12271
24553;122
24556;1278
24557;2438
24560;24563
24564;24569
24570;11290
24574;24576
24577;1335
24580;24587
24594;13967
24598;24602
24607;24609
24610;5079
24613;24616
24621;24626
24627;24632
24633;24636
24637;24641
24642;24644
24645;24651
24652;24655
24656;24658
24659;5239
24662;24665
24666;24669
24675;24677
24678;4672
24682;24690
24691;24695
24696;24700
24701;24706
24707;24712
24713;24718
24719;24723
24728;24731
24732;2512
24735;24738
24742;24745
24746;24751
24752;24755
24756;5178
24758;24761
24762;24765
24766;24768
24773;24778
24779;24782
24783;2048
24786;24788
24789;4421
24796;3335
24798;10049
24803;24807
24813;24816
24817;22421
24819;24821
24822;24829
24830;1658
24833;24836
24837;7053
24840;5178
24841;21717
24848;24856
24858;102
24859;24862
24863;1158
24867;24874
24875;10739
24881;494
24882;24888
24889;24891
24892;24896
24897;24901
24910;15641
24912;20400
24914;12407
24927;24931
24932;8462
24940;4908
24948;4908
24959;24962
24979;24982
24983;24985
24986;3818
24992;24999
25000;25003
25004;1658
25009;25011
25012;25014
25015;25019
25020;25021
25025;25029
25030;1985
25033;4219
25035;25036
25037;25040
25045;25048
25049;25051
25052;25055
25056;371
25058;25061
25062;25064
25065;25068
25071;25075
25087;460
25089;25094
25097;25099
25100;313
25103;25104
25105;16046
25106;25108
25109;25111
25112;25115
25116;22683
25119;25124
25125;442
25130;494
25131;494
25132;23541
25134;25137
25138;25137
25140;25144
25145;25150
25151;25156
25157;9660
25159;10049
25160;25162
25164;460
25165;460
25166;6962
25167;25170
25171;25174
25180;25184
25185;25188
25189;25192
25197;25199
25200;25204
25205;25210
25214;25224
25228;25230
25235;25239
25240;10603
25247;25251
25255;25256
25257;25259
25271;25274
25275;2531
25277;25281
25282;25286
25287;25291
25292;25297
25298;25305
25313;25317
25318;1223
25322;18624
25328;25331
25335;25338
25339;25342
25343;6763
25345;25347
25348;25355
25356;25361
25366;22626
25370;25372
25373;25377
25378;25380
25381;25383
25384;6141
25386;10049
25387;25391
25398;6993
25399;6993
25401;25407
25420;25422
25423;25425
25426;25431
25441;25445
25446;25449
25450;25453
25459;25462
25463;313
25465;25467
25468;25472
25473;25475
25481;25484
25485;25488
25489;25496
25497;25499
25500;25502
25503;25505
25506;540
25510;6993
25511;23061
25521;25526
25527;11427
25529;25532
25533;25535
25536;25540
25541;25543
25544;25548
25549;10215
25552;25554
25561;25565
25566;24807
25573;460
25574;25575
25576;6993
25577;8895
25579;25581
25582;25584
25585;25588
25589;25600
25601;25606
25607;25611
25612;25616
25620;6197
25622;25625
25626;25575
25633;23950
25635;8016
25638;23541
25640;25647
25653;25655
25656;25660
25661;1859
25662;25665
25666;25669
25685;25687
25695;25700
25701;25703
25704;25707
25713;19941
25716;535
25717;25719
25729;25732
25733;25736
25737;25741
25742;25748
25749;25753
25759;25761
25763;13777
25765;25771
25772;25773
25778;25779
25780;12271
25788;25792
25796;25800
25801;25804
25805;10739
25808;25347
25813;689
25818;24985
25820;1335
25823;25826
25827;25829
25830;25831
25832;12407
25834;25838
25839;25846
25847;25849
25850;25851
25852;25854
25855;22122
25860;16013
25864;24018
25866;6785
25868;25871
25875;3236
25877;25880
25881;10035
25885;23567
25889;25891
25892;25894
25900;25902
25903;25905
25906;20538
25909;25912
25913;417
25914;3340
25924;460
25925;460
25926;1194
25927;6993
25929;494
25930;25934
25935;25938
25939;25945
25954;25960
25961;25967
25968;1167
25970;25976
25977;25980
25981;25985
25986;25989
25990;25992
25993;25996
25997;26001
26006;26009
26010;26014
26015;26021
26022;26025
26026;26028
26032;26034
26035;26038
26039;540
26041;26044
26045;13694
26047;26049
26052;20724
26053;10603
26058;26060
26061;5132
26071;26074
26082;26084
26085;26088
26089;18581
26092;26095
26096;26099
26100;8836
26101;6114
26105;26109
26110;22553
26116;26122
26123;516
26126;21074
26129;26134
26135;689
26138;23743
26139;26142
26143;26148
26149;26159
26160;26162
26163;26167
26168;531
26177;26180
26181;26184
26185;26189
26190;26191
26192;1223
26195;26204
26205;25758
26206;26223
26224;14598
26226;26229
26230;26233
26234;1365
26240;18916
26242;26246
26250;26253
26254;26256
26257;26259
26260;16064
26270;26274
26275;26279
26280;26284
26285;26289
26290;19689
26292;26295
26296;26299
26300;26304
26305;20938
26307;26312
26313;26316
26317;26323
26324;26327
26328;26332
26333;17919
26335;12407
26343;26346
26354;26361
26364;26367
26368;26371
26372;26374
26375;26380
26383;19791
26386;26387
26388;26389
26390;26391
26392;26396
26397;26402
26406;26408
26409;23086
26411;417
26412;26415
26416;26419
26420;26425
26426;26431
26432;26436
26437;26441
26442;26447
26448;24829
26449;20450
26456;426
26457;417
26458;1862
26460;1859
26461;417
26463;1862
26464;11622
26467;26468
26474;460
26478;26180
26483;26489
26490;26492
26493;24238
26499;26506
26507;26511
26512;26515
26516;26518
26519;26522
26523;26527
26528;11043
26531;26533
26534;1854
26536;494
26537;26539
26540;26542
26557;26561
26562;26569
26570;23541
26576;22978
26578;7013
26579;26582
26583;26585
26586;506
26591;26593
26594;5027
26595;26597
26598;26601
26602;26605
26610;26620
26628;26631
26632;26635
26639;1158
26640;460
26641;6197
26647;26650
26651;26653
26654;26656
26657;12556
26658;26660
26666;4341
26672;26674
26675;11368
26677;16078
26679;26681
26682;26009
26684;26687
26688;26695
26696;26698
26699;26702
26709;20562
26710;22153
26712;11290
26716;5132
26717;93
26718;1710
26725;26728
26729;8170
26733;1900
26735;26738
26739;26743
26748;26754
26761;26766
26770;26775
26776;26779
26781;26788
26789;26792
26793;26800
26801;26803
26804;26805
26806;26808
26812;26815
26821;26829
26830;26834
26835;26838
26847;26849
26850;26852
26853;460
26854;26856
26857;26859
26860;26865
26866;26868
26869;26872
26873;3335
26874;438
26876;494
26878;8660
26880;494
26881;26884
26889;26896
26897;26900
26901;26903
26904;26906
26907;19754
26912;26915
26916;26920
26921;26924
26925;26927
26928;26931
26932;14700
26933;26935
26946;26949
26950;26953
26954;494
26962;26967
26968;26971
26982;26986
26987;18995
26988;26990
26991;1873
26992;460
26994;6962
26997;27002
27003;27006
27007;27009
27017;27022
27023;27027
27028;27031
27045;27048
27049;27057
27058;6688
27063;27069
27070;12376
27077;21529
27082;27084
27085;27088
27089;2714
27092;27094
27095;27101
27102;27105
27106;27108
27109;27113
27114;27119
27120;20014
27122;27124
27125;27127
27128;27130
27131;1167
27139;27141
27142;27147
27148;540
27150;27152
27153;27157
27158;20599
27160;27161
27162;15305
27163;26191
27166;27167
27168;27174
27175;27177
27178;27180
27181;27186
27192;27197
27203;739
27205;27208
27209;27212
27225;27229
27230;27232
27233;27235
27236;27239
27240;27244
27245;27248
27249;27251
27252;27255
27256;27258
27259;600
27264;27268
27269;27273
27274;27278
27283;27286
27287;27290
27294;27296
27303;27309
27319;9589
27322;13398
27329;3335
27333;1194
27334;7013
27337;27340
27341;10031
27343;27346
27347;27351
27357;2446
27359;27361
27363;27366
27367;27369
27373;27378
27389;27392
27393;27396
27399;23157
27401;27406
27407;1609
27418;27419
27420;27423
27424;27432
27433;27435
27436;25748
27437;23279
27440;27444
27445;27452
27453;19385
27457;4440
27458;27463
27482;27483
27484;27488
27489;27069
27493;27496
27506;27510
27511;27513
27519;27522
27523;22210
27525;6141
27527;27530
27531;460
27532;494
27533;494
27538;27543
27544;27546
27547;27549
27550;3335
27554;27556
27557;27558
27559;23950
27562;27567
27568;10054
27569;27573
27574;27577
27578;27580
27581;27583
27588;27591
27592;27595
27613;27618
27619;727
27627;27630
27631;27634
27635;27640
27641;27644
27645;27648
27649;27652
27653;27657
27662;27664
27668;27673
27674;27677
27678;27681
27682;27686
27687;5847
27689;27691
27692;494
27693;19965
27694;8106
27699;24985
27701;27703
27704;27705
27706;27708
27709;27712
27713;27721
27722;27725
27726;27730
27731;1602
27732;27734
27736;27740
27744;27747
27748;27752
27753;27758
27759;27761
27767;2531
27769;27774
27775;27777
27778;27780
27788;27791
27792;4084
27795;27799
27800;27810
27816;27818
27832;27835
27836;27839
27842;27845
27846;27847
27848;27854
27855;5287
27858;4966
27859;27861
27862;27866
27867;27870
27871;27874
27875;27879
27880;27881
27886;27890
27891;27894
27895;27901
27902;27904
27905;27911
27912;27914
27920;27923
27924;27926
27930;27935
27936;27937
27938;27939
27940;27947
27952;27956
27957;5847
27959;27964
27967;27972
27978;27979
27983;27985
27991;5079
27995;27998
27999;28001
28002;28005
28006;28010
28015;28019
28022;28023
28028;28030
28031;28033
28042;28050
28051;10452
28052;7636
28057;28061
28067;6489
28069;28071
28072;28075
28076;8991
28079;8643
28081;597
28083;28085
28086;28088
28089;600
28091;600
28093;603
28097;6489
28099;614
28104;28111
28112;28114
28115;28119
28120;28128
28129;28133
28139;25305
28142;28145
28146;28150
28151;4908
28156;28159
28160;28162
28163;28167
28168;28169
28170;28172
28173;28178
28179;28184
28185;28189
28190;10336
28191;28194
28195;28196
28197;28201
28202;28205
28206;28209
28210;28212
28213;28214
28220;28221
28223;28227
28228;28231
28237;28241
28242;28245
28246;28189
28247;28249
28250;28251
28265;28271
28272;28275
28276;28280
28281;28283
28288;28290
28291;28294
28295;28297
28306;28308
28309;28311
28319;28322
28328;28332
28341;28346
28351;23061
28357;28360
28361;28363
28364;28366
28372;6200
28374;28380
28381;28386
28387;28390
28391;28392
28393;13327
28396;28401
28402;20014
28404;28406
28407;313
28409;310
28411;3236
28413;93
28415;10035
28416;28420
28421;12161
28424;28428
28459;28463
28464;28469
28470;28472
28473;28475
28480;28482
28483;460
28487;28490
28495;494
28496;494
28500;28502
28503;28505
28506;28510
28511;28514
28519;28525
28526;28534
28535;460
28536;28549
28550;28552
28553;19719
28556;28561
28562;28564
28565;1278
28572;28574
28575;28577
28578;28582
28583;28589
28590;28592
28596;28598
28603;28606
28607;28608
28609;28615
28616;28619
28620;28625
28626;11556
28633;28642
28643;28646
28647;1223
28649;28652
28653;28658
28659;28662
28663;28665
28666;28668
28669;28671
28672;28675
28676;1417
28677;28680
28681;28685
28686;28688
28693;4331
28711;21492
28721;28728
28729;313
28731;28735
28736;5847
28742;28745
28746;28748
28752;28755
28756;25575
28757;26533
28759;420
28760;28761
28762;28766
28767;14845
28772;28774
28775;28778
28782;28785
28786;28791
28792;8170
28793;28796
28797;28803
28804;5287
28806;9274
28809;24386
28816;4732
28820;28822
28823;28826
28827;28830
28831;28833
28834;24418
28837;3236
28842;28846
28851;28856
28858;494
28859;28862
28875;28877
28878;5864
28882;5895
28884;14845
28886;460
28888;1194
28889;25407
28891;494
28893;494
28894;28898
28902;28906
28914;28917
28918;28922
28923;597
28927;28930
28931;28935
28936;28940
28947;28948
28954;28958
28959;28962
28963;28967
28968;28973
28974;28980
28981;28985
28986;28993
28997;29000
29001;29005
29006;29008
29009;29011
29016;29019
29020;4889
29021;29025
29042;29049
29065;29068
29069;29071
29077;29079
29080;21492
29095;28114
29096;29100
29101;29105
29106;29109
29110;25108
29112;408
29114;7013
29115;29118
29119;29121
29122;29123
29124;24204
29136;554
29143;29145
29146;29150
29151;29157
29158;29159
29160;29165
29166;29169
29170;26597
29172;29176
29177;29181
29182;29186
29189;29198
29199;29201
29202;1278
29207;29211
29214;2438
29218;8947
29221;29224
29225;18901
29229;29233
29234;29238
29239;29243
29249;313
29252;12556
29254;4601
29258;27127
29259;29261
29262;29267
29268;554
29271;28189
29273;29276
29277;29280
29281;29285
29287;15305
29290;29292
29293;29295
29296;29298
29299;29301
29302;29305
29315;29318
29319;29321
29325;8406
29327;29330
29331;29333
29337;29339
29340;29342
29343;29346
29347;9955
29349;29351
29352;29357
29358;29360
29361;29363
29364;29365
29366;29368
29369;29371
29375;29378
29379;23950
29383;13800
29385;8016
29386;1038
29388;29390
29391;29393
29405;29407
29412;29415
29416;29420
29421;29424
29425;29431
29432;29438
29447;29451
29458;516
29461;29464
29465;13660
29468;29470
29473;29481
29485;29488
29494;78
29502;29506
29510;29515
29516;29519
29520;27069
29525;29533
29534;29539
29540;29542
29543;29548
29549;29552
29553;29557
29558;23061
29560;21492
29562;4331
29564;29566
29567;29569
29570;21492
29572;29576
29577;5806
29578;29581
29582;29583
29584;29586
29595;29597
29602;29608
29612;29616
29624;102
29626;29628
29629;29636
29637;29639
29640;29644
29653;29656
29657;29661
29662;29664
29668;29671
29672;2438
29675;709
29682;29684
29685;29690
29695;4908
29699;29701
29702;29704
29705;29711
29712;29718
29719;29723
29724;13775
29731;29733
29734;29737
29738;29740
29741;21621
29747;29751
29752;29754
29755;29759
29762;29763
29764;29767
29768;29769
29774;23902
29781;29783
29784;29800
29814;29817
29818;29820
29828;29830
29831;29833
29838;29846
29847;29851
29852;29854
29855;29858
29859;6452
29861;29862
29863;29866
29867;29870
29881;29884
29885;26084
29888;29894
29895;29908
29909;29912
29914;19969
29915;29918
29919;29961
29962;29964
29965;29968
29969;29973
29974;6465
29977;29984
29985;29990
29991;29996
29997;5847
29999;8660
30001;30006
30007;310
30009;30011
30012;30016
30020;30025
30026;30030
30031;30033
30034;30037
30038;30040
30041;3345
30043;30046
30047;1194
30048;6962
30049;1194
30050;6962
30052;494
30053;494
30054;494
30055;30056
30057;30059
30060;6993
30063;30065
30066;30071
30072;30076
30077;30080
30081;1658
30083;9660
30085;1243
30087;30090
30091;494
30093;30096
30097;18804
30107;93
30109;30112
30113;12902
30118;30119
30120;30122
30123;30127
30150;30152
30153;30156
30163;535
30166;535
30169;531
30171;30175
30176;25736
30178;30181
30182;30184
30189;30197
30204;30210
30211;30214
30215;27587
30227;30230
30237;30241
30242;129
30245;30248
30249;30254
30255;30257
30264;30267
30268;30271
30277;914
30280;540
30284;30286
30287;30290
30291;30295
30296;30301
30302;30305
30306;3236
30311;5847
30313;30257
30315;30318
30319;30321
30325;30327
30335;30336
30337;30340
30341;30344
30345;30349
30350;30352
30355;30359
30360;1447
30362;460
30366;30370
30371;30374
30375;30327
30379;30384
30385;30390
30391;30397
30398;30402
30403;30406
30414;1417
30421;30423
30428;8591
30431;30433
30434;30437
30438;30441
30447;30449
30450;30453
30454;23109
30456;30460
30461;30465
30466;9660
30471;30474
30477;460
30479;30484
30485;30491
30492;30497
30511;30520
30521;30526
30527;30530
30531;30537
30538;30540
30544;30560
30573;30578
30579;30582
30583;30591
30592;30597
30606;30609
30628;30632
30633;30635
30636;30638
30639;30640
30641;30661
30662;516
30663;30680
30699;30703
30704;30705
30706;30712
30713;30720
30721;30722
30723;30726
30730;30736
30737;30739
30762;30765
30766;30770
30771;30778
30779;30804
30805;30806
30811;30813
30814;30817
30823;30826
30827;25150
30830;30832
30833;13327
30836;8660
30839;30842
30843;30845
30860;30866
30867;30880
30881;30883
30884;30900
30901;30937
30938;30941
30942;30944
30945;30955
30956;30959
30960;30961
30962;30964
30965;30974
30975;30978
30979;30981
30982;30983
30984;23255
30987;30989
30990;30992
30993;30497
30996;30997
30998;31000
31001;31004
31005;10330
31014;30197
31019;31020
31028;31031
31032;31034
31035;31038
31039;31040
31041;31048
31049;31050
31051;31052
31053;31057
31058;31059
31060;31063
31064;31070
31071;31074
31075;31078
31079;31080
31087;31088
31089;31092
31093;31096
31097;31101
31106;1194
31107;31109
31110;10336
31113;31117
31118;31125
31131;31133
31147;31149
31150;5789
31152;313
31160;31163
31164;6993
31165;494
31166;494
31167;31170
31171;31173
31177;31181
31182;31185
31186;2728
31188;2728
31190;21621
31191;31196
31197;540
31199;31202
31203;12187
31208;1278
31212;31216
31217;10476
31221;19719
31228;31232
31233;31237
31238;31242
31243;4084
31248;4672
31251;31254
31255;31260
31261;31267
31268;31279
31284;31287
31288;31290
31291;31294
31295;31304
31311;31313
31314;31319
31320;3933
31322;31327
31328;31331
31332;31333
31349;31353
31354;31363
31366;30181
31370;31373
31385;31386
31387;31389
31390;6126
31393;16061
31395;31400
31401;31405
31407;31412
31413;31414
31415;31430
31431;31434
31441;31443
31451;31452
31453;31463
31467;129
31470;31473
31474;31475
31476;31482
31483;31488
31489;31493
31494;7584
31497;31498
31499;8660
31502;1194
31503;494
31508;31516
31517;31523
31524;31526
31527;31529
31533;31535
31536;31541
31545;1243
31547;31549
31550;31553
31554;31556
31557;31561
31565;31568
31569;31572
31578;15279
31586;1658
31595;31599
31600;31605
31606;31612
31613;31614
31615;31619
31629;31631
31632;25846
31635;31636
31637;31640
31644;31645
31646;31647
31648;24761
31649;31650
31651;31652
31653;6970
31654;31657
31658;31671
31672;31676
31677;31681
31684;1194
31685;1194
31686;31689
31690;31697
31698;31701
31702;8255
31705;31710
31711;460
31713;1194
31714;494
31718;494
31719;494
31729;31734
31739;1158
31740;11622
31745;31748
31749;4084
31756;531
31757;31758
31759;1658
31761;31765
31766;390
31774;31776
31777;31780
31781;31789
31794;31798
31799;31802
31803;31806
31807;15279
31815;5239
31818;31823
31827;5272
31838;31841
31845;31848
31849;31852
31853;7369
31855;31857
31858;31863
31864;31867
31868;31870
31876;13694
31880;5079
31886;31890
31891;2438
31896;22754
31900;31903
31913;12947
31917;31923
31926;31928
31929;31930
31931;31935
31936;31939
31940;494
31941;494
31943;31945
31946;31949
31950;31951
31957;310
31960;313
31962;3236
31964;313
31969;11411
31971;31977
31978;1194
31979;7013
31981;494
31983;494
31984;31997
31998;32001
32002;32006
32007;32012
32017;32019
32020;32024
32025;32027
32032;32035
32036;32042
32043;122
32047;32048
32049;32054
32055;19219
32056;32059
32064;32066
32070;32072
32077;1322
32078;32080
32081;7916
32086;32090
32091;10599
32092;32094
32095;11894
32103;32106
32107;32111
32112;32118
32119;3236
32121;32126
32127;22978
32129;32136
32144;4421
32146;32152
32153;494
32154;32157
32158;32160
32161;32165
32166;5132
32168;15305
32170;32173
32174;32178
32179;32183
32184;32187
32188;460
32189;32193
32194;32196
32197;32202
32203;2446
32210;32214
32215;3236
32216;32221
32222;32224
32227;32229
32230;32232
32235;460
32237;460
32238;1194
32239;494
32240;494
32243;32247
32248;32251
32252;1243
32254;32258
32259;32261
32262;26597
32266;32270
32271;1609
32275;32277
32282;32286
32287;32288
32289;32305
32306;32308
32309;23674
32310;535
32312;32315
32323;32324
32326;32327
32328;32334
32341;32343
32346;739
32356;31526
32358;22421
32361;32365
32366;313
32368;3236
32369;32371
32372;32374
32375;32379
32380;32382
32383;32387
32398;32400
32403;516
32404;32407
32414;32417
32418;16064
32419;15305
32420;10694
32433;12902
32437;21308
32440;32443
32444;24712
32447;32452
32453;32457
32458;32462
32465;32473
32474;27286
32476;6763
32478;32479
32480;2668
32484;23181
32486;32490
32491;32496
32497;32499
32503;540
32511;18615
32515;32519
32520;32524
32525;11631
32527;32532
32533;23428
32540;32543
32550;32553
32562;32572
32575;32579
32580;32581
32582;32587
32588;32591
32601;32602
32603;15305
32613;5287
32616;23419
32618;32620
32621;32625
32626;32633
32634;5847
32642;460
32643;1194
32644;494
32646;494
32647;733
32658;32660
32661;32664
32665;32668
32669;32671
32672;32678
32679;32681
32682;32683
32684;32686
32687;32688
32689;6141
32692;3340
32694;32698
32699;32702
32703;460
32705;460
32708;494
32710;494
32711;32715
32716;32719
32720;32722
32723;32728
32729;32735
32741;32744
32752;32756
32757;31446
32760;32761
32762;23012
32765;32769
32770;32774
32775;12444
32777;13199
32779;1495
32781;11884
32783;32786
32787;32794
32795;32799
32800;32803
32804;4601
32805;32809
32810;32812
32813;32814
32824;32827
32828;3335
32834;32837
32843;32846
32847;27419
32852;32855
32856;10303
32858;32860
32861;32865
32872;18560
32875;2347
32877;32883
32884;32888
32889;32892
32893;32896
32897;32900
32901;32904
32905;32907
32916;14193
32921;32926
32927;32931
32932;4084
32939;32942
32946;1658
32951;4084
32954;6613
32957;32962
32963;19874
32967;32970
32971;32972
32977;32981
32982;18859
32989;32994
32995;32457
32997;32999
33000;33003
33004;9274
33006;33008
33013;33018
33019;33021
33027;1395
33029;33033
33034;2048
33036;33039
33040;4793
33042;33044
33045;33048
33049;33052
33053;5027
33055;33059
33060;20922
33062;33066
33070;32308
33072;33075
33076;26408
33082;33087
33088;33089
33090;33093
33101;33104
33105;33107
33108;33114
33120;33122
33127;33128
33129;33131
33132;33138
33139;33141
33142;33146
33153;33156
33157;33161
33162;33164
33165;33168
33169;2649
33170;1243
33174;33176
33179;32972
33181;33186
33187;33190
33191;33193
33194;33197
33198;3337
33207;33214
33215;460
33218;460
33219;460
33220;460
33221;460
33223;460
33224;460
33230;494
33231;494
33232;494
33235;494
33236;33238
33239;33242
33243;33248
33255;24156
33258;771
33259;33262
33265;18530
33267;33272
33273;33276
33277;460
33279;33280
33281;33285
33286;33289
33290;1243
33291;33293
33307;12796
33315;33107
33318;33320
33321;33324
33325;33327
33328;33334
33335;12056
33340;1278
33341;33348
33349;33353
33354;33357
33364;33368
33369;33373
33374;33378
33379;33382
33383;33385
33386;33390
33391;4219
33393;33396
33398;33401
33402;33405
33406;33408
33409;33412
33413;33417
33418;33419
33423;33426
33427;1243
33429;33430
33435;33438
33439;33442
33443;27419
33449;33453
33457;33460
33461;33464
33465;33468
33469;33473
33474;5132
33476;22643
33477;33479
33480;33483
33484;33486
33494;310
33502;1658
33506;33509
33510;33514
33515;4138
33517;33520
33521;494
33522;129
33524;494
33525;494
33526;33529
33530;93
33533;33536
33537;33541
33548;33551
33552;33561
33564;33568
33569;33583
33584;1335
33586;1900
33588;33593
33594;33600
33601;5287
33608;23395
33617;33618
33619;33625
33635;33641
33642;33646
33647;33652
33653;4219
33660;33663
33664;33666
33667;32543
33669;33671
33672;33674
33675;33677
33678;19834
33694;33698
33707;33708
33709;12556
33712;33716
33722;33726
33727;23342
33729;33732
33733;33735
33736;33738
33739;460
33746;1194
33748;494
33749;33752
33753;20922
33756;3696
33759;33762
33770;33774
33775;33776
33781;13590
33784;33787
33791;33798
33799;33803
33804;23157
33805;33808
33809;33812
33813;33816
33817;33818
33819;33821
33822;33824
33825;33828
33829;33832
33838;33843
33844;33846
33847;33850
33851;33852
33856;1243
33857;516
33860;33864
33865;12426
33866;540
33868;33871
33872;531
33874;33876
33877;33880
33887;33888
33889;33892
33893;33895
33896;33899
33900;25753
33906;33910
33911;20724
33912;2347
33914;19719
33915;33917
33918;33920
33921;33924
33925;33927
33928;33930
33931;597
33934;5132
33937;33942
33945;33946
33947;33952
33953;5239
33956;33958
33974;33981
33982;33985
33986;129
33992;33995
33999;30236
34000;34004
34007;1335
34009;34013
34014;34015
34019;34021
34022;34025
34026;34028
34029;24712
34030;34039
34040;34043
34044;34047
34048;34051
34052;34055
34056;34060
34061;34066
34067;34070
34071;34075
34076;34079
34089;34093
34094;34096
34101;34106
34109;34111
34112;9589
34113;34115
34116;34118
34123;34124
34125;34128
34129;34134
34135;34138
34145;13984
34151;1158
34152;460
34156;460
34159;460
34160;34162
34163;460
34165;34169
34170;1194
34171;34172
34173;1194
34178;34183
34184;34190
34191;34194
34198;34201
34202;32178
34204;7013
34208;494
34209;494
34210;6197
34213;34216
34226;34229
34230;34232
34233;34237
34242;34245
34246;34248
34249;34250
34251;34253
34254;34257
34264;34269
34270;34272
34276;34280
34281;34283
34284;11894
34287;34288
34289;24496
34291;34294
34297;34299
34300;19866
34303;34304
34305;34309
34310;34312
34313;34315
34316;34319
34372;34378
34386;34390
34391;2048
34394;34398
34399;7013
34400;34404
34405;34408
34409;34412
34413;30476
34415;12059
34419;3933
34430;34431
34432;34436
34441;33846
34444;540
34446;34450
34451;554
34452;34460
34461;34463
34464;20585
34472;7781
34473;34476
34477;8714
34479;34483
34484;34486
34487;24626
34490;34495
34496;34500
34501;34505
34506;34508
34509;34511
34512;34515
34516;34520
34521;28209
34523;34527
34533;22971
34537;34539
34540;34544
34545;18615
34548;34550
34551;34556
34557;15641
34562;34567
34568;34572
34578;34581
34582;34585
34589;34594
34605;34609
34610;34612
34613;34617
34618;23912
34623;34629
34630;34634
34640;26408
34642;34650
34654;34658
34659;34662
34663;34666
34667;34669
34675;34678
34679;34684
34685;34688
34689;34693
34694;34695
34696;34698
34699;34701
34702;34706
34707;34710
34711;34714
34715;34719
34720;34722
34723;34726
34727;34729
34730;34733
34734;34738
34739;34283
34744;23950
34747;21492
34750;34753
34754;8828
34756;34760
34761;34767
34768;3236
34784;34791
34792;34794
34795;34796
34799;34800
34801;34803
34804;20534
34808;34812
34813;34816
34819;460
34820;460
34822;7013
34823;494
34829;6073
34831;34834
34835;28196
34837;531
34838;5246
34843;12559
34847;34851
34852;34855
34860;34866
34867;34868
34869;34871
34872;34874
34875;1473
34877;32196
34879;34882
34883;34887
34888;34890
34895;34901
34902;34904
34905;34906
34907;34914
34915;34920
34921;34931
34932;34934
34935;34939
34940;34944
34945;24165
34948;34955
34956;34959
34960;34963
34964;34967
35003;35006
35007;35064
35065;35066
35070;35073
35074;35077
35082;35084
35085;35088
35089;35092
35093;19719
35095;35096
35108;11153
35111;5027
35130;35134
35135;35138
35139;35147
35148;35153
35156;35159
35160;35167
35168;19975
35169;13751
35174;35177
35178;35181
35188;18560
35189;35190
35191;35193
35194;35199
35200;35204
35205;16061
35206;8142
35207;13781
35210;35214
35215;35217
35218;35222
35223;6993
35224;26805
35226;35229
35230;3704
35238;10336
35241;1658
35244;35247
35248;35252
35253;35257
35258;35261
35262;35266
35267;35268
35269;35271
35272;35274
35275;35276
35277;35281
35282;35285
35286;25305
35291;35295
35302;20183
35305;35308
35309;35314
35315;1223
35316;1362
35323;26552
35325;35328
35329;35332
35333;21371
35335;35339
35344;35346
35347;35352
35353;35355
35356;15747
35363;35366
35375;35379
35380;31650
35383;35388
35389;35390
35391;35394
35398;35399
35400;16042
35402;531
35404;35405
35406;35407
35408;35412
35413;35415
35416;35422
35423;35426
35427;35430
35431;35432
35433;35437
35438;35449
35450;35134
35457;35460
35461;27657
35464;35468
35469;8016
35471;35475
35476;35478
35484;35486
35487;35489
35490;35494
35500;35501
35502;35505
35506;35508
35509;35513
35514;3236
35517;12574
35531;35535
35541;32379
35543;35545
35546;35551
35552;6141
35554;1167
35560;35565
35571;460
35572;460
35573;1194
35574;25407
35579;494
35580;494
35581;494
35582;494
35585;6197
35588;35598
35601;33871
35608;35611
35612;35617
35618;35620
35621;35623
35624;35633
35634;35638
35641;35645
35646;35648
35652;29548
35656;12422
35658;35660
35661;34629
35666;25347
35668;35672
35673;7936
35678;35680
35687;35689
35690;35692
35693;35695
35699;35703
35704;35707
35708;35709
35710;28525
35715;35719
35720;35727
35730;35732
35733;310
35734;5847
35738;3236
35742;35743
35744;35746
35751;35753
35754;35756
35757;35760
35761;22715
35762;460
35764;460
35765;460
35767;460
35771;1194
35772;1194
35774;494
35775;32343
35778;35780
35781;35785
35786;35788
35789;35798
35799;35808
35809;7384
35812;35814
35819;2438
35821;35827
35833;35841
35842;35845
35851;35854
35855;1132
35894;1136
35937;1132
35979;35983
35984;11079
35985;1167
35987;22567
35988;1163
35990;35992
35993;1432
36005;25707
36006;13616
36008;36010
36011;36014
36015;36018
36019;36021
36024;36028
36029;535
36032;540
36037;22421
36039;36041
36042;36044
36045;36048
36049;20323
36056;36058
36059;36061
36068;36070
36071;36073
36082;36086
36087;22097
36094;36097
36098;36104
36105;33536
36107;36111
36112;22626
36113;36118
36125;36131
36132;36134
36137;15471
36138;36139
36142;36144
36145;36147
36152;36155
36156;36159
36160;36163
36164;36165
36166;36169
36170;36173
36180;36182
36183;36187
36200;36205
36206;36210
36211;36213
36214;36218
36219;36221
36222;36226
36227;36230
36231;36234
36237;36241
36251;313
36254;36260
36261;36264
36270;313
36275;36277
36278;36282
36283;36287
36288;460
36289;36294
36295;36298
36299;36301
36304;28980
36309;36311
36312;12056
36313;11252
36318;494
36319;36320
36321;36324
36327;36329
36334;36335
36336;36339
36340;535
36345;36346
36347;36349
36350;13058
36353;36359
36360;36366
36367;36370
36371;29298
36374;36376
36377;36384
36385;36390
36391;36393
36394;29704
36397;36404
36405;12407
36412;36416
36458;36459
36463;9966
36469;36470
36471;36473
36474;36475
36476;4323
36492;36495
36496;36497
36498;36499
36504;7604
36510;26656
36512;6107
36515;36516
36517;36519
36520;36522
36523;36528
36529;1194
36532;36537
36538;1243
36540;36542
36543;36544
36545;34653
36547;36551
36557;36559
36560;36561
36562;36563
36564;36566
36567;23279
36571;20585
36576;31652
36578;36581
36586;36587
36588;5239
36591;5246
36598;36599
36600;36603
36604;18615
36609;4908
36613;36615
36616;36624
36625;36629
36630;22023
36631;36634
36639;36644
36645;8016
36650;36404
36655;36658
36659;36671
36672;36675
36679;36684
36699;36703
36704;14086
36709;36712
36713;36716
36717;36718
36719;36723
36724;36728
36735;36739
36745;36747
36748;460
36749;6962
36755;36757
36758;36759
36760;36765
36766;36768
36776;15302
36781;29803
36782;36784
36787;36792
36793;36797
36800;36802
36813;36816
36817;36821
36822;36825
36826;28169
36829;36834
36835;36837
36840;36842
36846;36850
36851;36857
36858;36860
36861;36864
36865;36867
36868;36871
36872;1658
36874;36879
36883;36891
36892;36897
36898;36901
36902;36906
36912;36914
36915;36917
36918;36920
36921;36923
36927;36930
36931;36933
36934;36936
36937;36938
36945;8085
36946;36948
36949;36951
36952;36954
36955;10599
36957;36959
36960;25075
36961;36965
36966;21299
36970;36974
36975;36979
36985;36989
36990;36995
36996;37000
37001;34315
37004;460
37010;494
37012;32343
37018;37022
37023;37026
37027;37030
37031;13327
37037;37040
37041;37044
37045;460
37046;13872
37049;37052
37053;37056
37063;37070
37071;37074
37078;37082
37087;37089
37090;37093
37094;37096
37097;37101
37105;37109
37110;37125
37126;6573
37135;37142
37143;35352
37157;37159
37160;37163
37164;35190
37165;37168
37169;11153
37172;540
37174;37176
37177;37180
37181;37187
37188;37191
37195;37196
37197;13788
37200;21827
37202;36073
37206;37210
37211;37215
37216;37219
37228;1792
37229;34280
37233;37235
37236;37239
37241;37246
37247;37252
37253;18869
37256;37257
37258;9339
37259;37262
37263;37265
37266;27286
37275;37276
37277;1447
37279;37281
37282;37290
37294;37296
37297;37299
37302;313
37303;37307
37308;24313
37309;20851
37311;460
37312;37316
37317;33464
37319;22776
37325;37326
37327;5132
37332;18560
37334;37341
37342;37345
37346;19602
37348;37349
37350;18598
37353;8142
37356;37360
37361;37362
37363;24896
37375;37380
37381;37386
37387;37388
37389;811
37391;37400
37401;35352
37402;37406
37407;23157
37409;37414
37418;9496
37420;14655
37422;37427
37428;37430
37431;9496
37434;36317
37436;37443
37444;3236
37448;37449
37450;13916
37452;37455
37456;37459
37460;37461
37467;36747
37469;31319
37472;12173
37473;460
37474;460
37475;460
37477;37478
37479;494
37480;37481
37483;37486
37490;37495
37496;32842
37498;37500
37501;37504
37507;37510
37515;25274
37518;37522
37523;37525
37526;37530
37533;37537
37538;37541
37542;1989
37543;29723
37546;37550
37551;37554
37563;8895
37570;37574
37575;37579
37580;37583
37584;8085
37586;37591
37595;37598
37599;37600
37607;37611
37612;37615
37621;554
37626;37628
37629;37635
37636;37639
37640;37650
37651;37655
37656;37658
37659;37664
37665;17390
37666;37676
37682;37684
37685;37695
37696;29681
37699;31389
37701;37703
37704;37710
37711;37714
37715;32324
37716;37719
37725;78
37726;25274
37727;37735
37736;37739
37740;37743
37744;37748
37749;1900
37756;12407
37757;37758
37759;37768
37769;37771
37772;18813
37775;37778
37779;37780
37781;7424
37784;24738
37790;37792
37793;2051
37794;37795
37796;37799
37802;34629
37806;13791
37816;37819
37820;37823
37824;37825
37826;37828
37829;18763
37831;37834
37835;37837
37838;37840
37844;37848
37849;6573
37854;37860
37861;37865
37866;18798
37868;37870
37871;37874
37875;37877
37878;37881
37886;11153
37890;37893
37894;1243
37896;37897
37898;37900
37905;531
37907;37909
37910;37911
37912;37914
37915;37918
37919;37922
37923;20585
37925;37929
37930;37931
37932;5847
37934;10603
37937;37939
37940;37942
37943;37944
37945;3751
37947;16091
37950;37953
37954;37955
37963;14100
37965;37968
37969;37972
37973;37977
37978;37980
37981;460
37986;5079
37987;37988
37989;37992
38000;38002
38003;25800
38011;8947
38020;38023
38024;38027
38028;8142
38031;38035
38036;38038
38039;38041
38050;38055
38056;9966
38058;23950
38065;23541
38070;38072
38073;38077
38078;38080
38084;38089
38090;38094
38095;4413
38097;38100
38101;38103
38104;26436
38106;38111
38112;313
38114;38119
38120;38121
38125;38127
38128;38133
38134;38139
38140;38143
38144;21229
38149;38152
38153;23570
38158;38161
38162;38172
38173;5847
38175;8660
38178;38179
38180;38182
38183;19535
38185;460
38186;16506
38187;33229
38193;38198
38199;460
38200;38203
38204;1194
38206;38208
38209;38210
38211;6962
38212;1194
38221;38223
38224;38226
38227;16137
38228;494
38229;494
38230;494
38231;494
38232;494
38233;494
38234;494
38235;494
38236;38239
38240;6197
38242;38244
38245;21842
38250;23653
38255;11427
38256;23950
38258;38262
38263;38265
38266;3236
38268;5847
38274;38278
38279;38282
38283;38288
38289;38293
38294;38297
38301;38305
38306;38310
38311;38315
38316;38319
38320;38323
38324;5246
38331;28214
38334;38336
38337;38340
38341;38346
38347;38350
38356;38372
38373;38374
38375;38378
38379;38382
38383;22006
38387;38388
38389;38393
38394;38401
38402;38405
38406;38410
38411;16046
38414;38416
38417;38419
38420;38422
38423;37478
38424;38427
38428;38430
38431;6117
38438;38441
38442;38444
38445;38450
38451;38455
38456;2382
38458;23919
38461;38466
38472;38475
38492;37489
38495;38501
38502;38505
38506;26868
38507;38511
38512;1658
38515;38517
38518;38520
38521;38522
38527;38529
38535;1158
38536;38538
38539;494
38540;494
38544;20331
38551;38554
38562;38564
38565;38567
38568;38571
38572;38575
38576;38581
38586;26289
38593;38594
38599;38601
38602;38606
38607;22626
38610;38611
38612;38620
38653;1278
38656;38659
38665;38667
38668;38673
38674;3236
38676;38678
38679;1335
38680;38682
38683;38686
38687;38688
38692;38695
38711;38714
38719;38722
38723;38724
38725;8142
38728;18598
38730;38733
38734;38738
38739;21805
38740;38742
38743;38746
38751;38758
38759;38764
38765;38769
38770;38772
38773;38775
38781;12444
38785;10470
38789;38793
38794;38797
38802;38805
38806;38808
38809;38814
38815;38818
38822;38825
38826;38830
38831;38833
38834;38840
38841;38844
38847;38851
38858;38860
38861;38865
38866;10303
38867;32871
38870;38873
38877;26070
38880;38883
38889;1673
38892;8817
38896;38899
38900;10351
38902;38907
38908;38911
38912;38922
38923;37771
38925;38927
38928;38932
38936;12444
38946;38950
38951;38955
38956;38960
38961;38963
38964;18801
38971;24211
38980;27366
38984;38988
38989;38994
39000;39009
39010;460
39016;39018
39022;38833
39023;38571
39030;39034
39046;39054
39055;39056
39057;39061
39062;39064
39065;12444
39067;39071
39075;39077
39083;749
39086;39088
39089;39093
39094;39096
39105;39106
39107;39109
39110;39114
39115;22392
39121;39123
39124;39127
39129;39137
39138;39142
39143;39148
39149;9496
39150;39153
39154;39160
39161;32193
39163;39166
39167;39169
39170;39173
39174;39181
39182;39185
39186;39189
39190;20450
39193;39196
39197;39199
39203;39207
39208;39211
39212;39214
39215;39219
39220;460
39221;6993
39222;134
39224;39227
39228;39230
39231;39235
39236;460
39237;460
39239;6962
39240;39243
39244;39248
39249;17901
39256;39259
39260;13053
39262;24278
39266;39269
39275;39281
39284;24626
39285;39288
39289;39291
39292;39293
39295;78
39298;39301
39314;35617
39322;39330
39331;39341
39342;39344
39350;39352
39353;39356
39357;39364
39365;2714
39367;39375
39376;313
39378;39384
39386;39389
39390;10694
39392;38517
39393;39394
39395;39396
39397;39396
39398;28510
39401;39403
39404;39405
39406;39408
39413;39416
39417;39419
39420;39422
39425;39422
39427;39428
39429;39422
39436;39439
39440;39444
39445;460
39447;460
39448;1194
39449;7013
39450;494
39452;494
39454;494
39455;39457
39458;1473
39460;39461
39462;39464
39465;39467
39468;39471
39477;39488
39489;39493
39515;39518
39519;39524
39525;39530
39534;38282
39535;39542
39543;39549
39554;39558
39564;39571
39572;39578
39579;39581
39582;39584
39585;39588
39589;39592
39593;39594
39595;39600
39622;39623
39624;22626
39627;22294
39629;39630
39631;39634
39635;39640
39641;39646
39657;39658
39659;39667
39668;39670
39671;39675
39676;6518
39679;39683
39684;5239
39686;39693
39697;20450
39701;7604
39706;4413
39708;14557
39710;5990
39713;22065
39715;39717
39722;39725
39726;1194
39727;494
39728;494
39731;39733
39734;4636
39742;34381
39745;39748
39749;39752
39753;39757
39758;39762
39763;39765
39766;39770
39771;32871
39779;39780
39781;39786
39795;18901
39796;39797
39798;39800
39801;39805
39806;39807
39812;39817
39825;39830
39833;39518
39839;39843
39844;39853
39854;39855
39863;39871
39872;22869
39881;39888
39889;39893
39894;39897
39898;39900
39901;39906
39907;7895
39914;39096
39916;39918
39919;39921
39922;39925
39926;39931
39932;39934
39935;39937
39938;39940
39941;39943
39944;39945
39946;39949
39950;39951
39952;39954
39955;39959
39960;39962
39963;39966
39967;767
39971;20497
39976;34658
39980;12028
39982;39985
39986;6777
39993;37307
39995;12516
39997;39998
39999;6998
40000;40006
40007;40013
40014;40015
40016;506
40018;1602
40024;13751
40026;1658
40028;689
40031;40034
