40037;8149
40040;29762
40043;32119
40046;39231
40049;6341
40052;10773
40055;13914
40061;23300
40064;36745
40067;1469
40069;4643
40072;13465
40074;20257
40077;26039
40080;16023
40082;26460
40085;25012
40091;33759
40094;38442
40096;33231
40099;35608
40102;584
40105;13173
40108;16318
40111;17106
40114;32699
40117;25939
40120;32588
40123;34642
40126;2060
40128;3394
40131;3438
40134;15903
40136;24557
40142;38158
40144;31284
40147;37049
40150;24662
40152;27089
40155;19850
40157;40014
40160;37682
40163;1776
40169;24239
40177;9205
40180;21156
40183;21258
40186;33799
40189;4541
40191;4858
40194;17462
40196;38866
40202;18917
40208;1435
40211;14051
40216;37483
40220;1232
40223;4273
40225;4755
40228;23161
40231;23495
40233;2175
40239;28470
40245;24311
40248;33775
40250;7529
40252;29699
40257;34007
40259;22527
40262;24637
40264;27645
40270;31853
40273;36679
40276;5244
40279;29146
40287;27895
40290;33042
40293;34009
40295;35678
40298;33851
40300;624
40303;12371
40305;20608
40309;33733
40312;28206
40315;37820
40318;12327
40321;14028
40324;18419
40326;24910
40330;10022
40334;26672
40337;31441
40339;33290
40342;23965
40346;32418
40349;33739
40352;1883
40355;31028
40358;25062
40363;27150
40366;2612
40368;10050
40373;18770
40377;29540
40382;39976
40387;23817
40389;38231
40395;4348
40401;6923
40404;9491
40411;29510
40413;35751
40415;3806
40417;7846
40420;38518
40423;23800
40428;26651
40430;4996
40432;19855
40434;20324
40437;27544
40440;31118
40442;1586
40446;12102
40448;13880
40451;18910
40453;26821
40456;12903
40460;15077
40463;15431
40468;2756
40471;11858
40482;7770
40487;31690
40494;33887
40497;34623
40499;9571
40501;18782
40504;19521
40506;20483
40508;22415
40510;448
40513;2281
40516;26442
40519;33893
40521;39763
40523;7521
40527;21676
40531;35708
40533;19101
40537;5631
40540;23785
40544;9717
40546;10207
40548;10976
40551;21361
40553;36543
40557;40028
40564;30313
40567;33267
40570;33530
40574;7032
40576;16229
40580;20739
40586;36817
40588;37987
40590;4791
40592;9850
40595;14691
40598;20875
40604;10670
40606;22885
40608;30573
40610;1874
40612;8491
40614;22221
40616;4544
40619;7909
40624;22133
40626;33588
40628;37498
40631;38565
40634;9437
40639;24019
40641;36327
40645;25552
40647;33006
40653;3713
40655;6198
40661;31001
40663;31186
40665;32777
40667;14087
40670;16951
40673;20350
40675;22880
40677;27424
40679;3896
40681;8935
40683;9055
40685;22713
40687;13823
40689;21369
40691;32437
40694;34030
40696;2128
40698;3893
40703;5688
40705;10995
40707;38236
40711;4596
40713;9531
40715;25386
40717;30291
40720;12766
40722;29915
40724;21170
40726;24817
40732;4797
40736;12306
40739;19231
40744;15134
40750;465
40752;37010
40758;13680
40771;8422
40773;16556
40775;20044
40784;15026
40787;34270
40789;14918
40795;7034
40797;8060
40799;9402
40803;11995
40805;37890
40812;12681
40814;13808
40818;10650
40820;15665
40823;28341
40825;37308
40828;37334
40831;37363
40833;1332
40835;12747
40838;15705
40840;28875
40842;34694
40844;3384
40849;16237
40851;34784
40854;15697
40858;28496
40860;8091
40862;12301
40865;25015
40867;26375
40869;30287
40871;10417
40873;31777
40878;19401
40883;27357
40886;32103
40888;32310
40890;24766
40892;3306
40894;7929
40896;10130
40898;13792
40900;29170
40902;34523
40904;38095
40906;24207
40908;31766
40910;36278
40912;11372
40914;17905
40916;25322
40920;22958
40923;24481
40926;30120
40930;2218
40932;8916
40935;23501
40938;31913
40940;5908
40942;11688
40944;22249
40948;19690
40950;28396
40953;29361
40955;34867
40957;35226
40959;34768
40961;3214
40967;12129
40970;19488
40975;4911
40977;12436
40979;33129
40982;3245
40990;38283
40992;19720
40994;8794
40997;14679
40999;25913
41001;27162
41003;34113
41005;15126
41010;34496
41012;37027
41015;38224
41017;14101
41019;14595
41025;37802
41030;7904
41034;24236
41038;12811
41040;19026
41042;31998
41044;33070
41046;9763
41048;18904
41050;35188
41052;38406
41055;37460
41057;38097
41062;10412
41064;12048
41066;28185
41068;32527
41070;37164
41074;18557
41076;18951
41078;32997
41081;3013
41083;33813
41085;35658
41090;24598
41092;25145
41096;4467
41100;19934
41104;23174
41106;1938
41109;16144
41115;38162
41117;9052
41119;15366
41121;24859
41123;36781
41125;38256
41129;3971
41131;20164
41134;35082
41136;38402
41138;7693
41140;9822
41144;19792
41146;24000
41148;25549
41151;30150
41156;26576
41161;14270
41165;28565
41167;28213
41169;6171
41180;1329
41184;23025
41186;24421
41190;26847
41192;34391
41195;39154
41197;5848
41199;17179
41201;21498
41205;27875
41207;20625
41211;35710
41213;29461
41215;38028
41217;38193
41219;119
41221;512
41223;26343
41225;33045
41228;35347
41231;14975
41233;20917
41235;19694
41245;307
41248;7870
41250;25009
41252;32404
41256;7228
41258;38227
41260;3036
41262;22993
41264;23426
41266;33709
41268;39916
41275;8693
41277;19955
41279;25138
41283;32252
41286;4508
41288;8162
41290;15926
41295;22174
41299;13470
41302;16051
41305;16140
41307;27407
41309;27203
41311;4085
41315;9675
41317;13569
41319;25832
41321;33340
41324;7552
41326;20687
41328;24252
41330;26516
41335;30544
41337;6846
41341;12071
41344;24580
41348;30107
41350;36512
41355;6584
41357;13467
41359;25200
41365;7278
41370;27347
41373;30839
41375;27674
41377;9801
41381;38274
41385;8818
41387;14374
41389;21602
41391;25834
41393;3218
41395;9444
41397;22403
41399;31545
41401;2432
41403;26854
41405;34276
41407;36861
41411;22565
41413;36883
41415;11617
41417;27722
41419;29189
41421;22610
41423;29888
41425;30211
41427;35168
41429;8378
41433;11324
41435;11913
41437;18676
41439;20943
41443;395
41447;11291
41449;11482
41451;16490
41453;33822
41455;15592
41458;15784
41460;22158
41462;30414
41464;444
41466;10910
41468;11895
41471;13165
41473;18810
41475;26280
41477;21213
41479;27930
41481;36576
41485;22079
41487;39378
41491;30965
41493;9024
41495;22654
41497;34506
41499;34872
41505;22972
41507;26801
41509;26835
41511;31845
41513;867
41516;11348
41518;27767
41520;32497
41522;3631
41524;20715
41526;34860
41530;22710
41534;30814
41536;28681
41538;44
41540;6008
41542;6025
41545;7275
41547;12883
41551;20649
41553;23568
41557;32271
41559;10500
41563;25271
41565;25313
41569;10308
41571;10930
41573;33162
41576;37886
41578;2819
41580;22118
41583;23928
41585;27209
41587;28015
41589;956
41591;5053
41593;20131
41597;37094
41600;34056
41602;4756
41604;5319
41606;11086
41608;15898
41610;19220
41612;3999
41614;5842
41616;24162
41619;39635
41621;8317
41623;11782
41625;22981
41627;30166
41631;38599
41633;4551
41635;11570
41639;31014
41641;34129
41643;23765
41645;32779
41647;1916
41651;26988
41653;33672
41655;36039
41657;39671
41660;8696
41662;12554
41664;28413
41666;29859
41669;30034
41671;25788
41674;34582
41676;38000
41678;1966
41680;11458
41683;13755
41687;24732
41689;32380
41691;33236
41695;14607
41697;20070
41703;1578
41705;9427
41710;7298
41712;11649
41715;38831
41717;33727
41719;5028
41721;15954
41729;25500
41731;21962
41733;28653
41740;24250
41744;34386
41746;27775
41750;6250
41752;14623
41756;29764
41758;32203
41760;1846
41762;12158
41764;13206
41768;33461
41770;2261
41772;9643
41774;27319
41778;32420
41782;37543
41784;4959
41787;8779
41791;23748
41793;24932
41796;28686
41798;31757
41800;37907
41802;38178
41804;32112
41806;33165
41808;11418
41810;14923
41812;18764
41814;27175
41816;27329
41818;6133
41820;14237
41823;23265
41825;27846
41827;30723
41829;11566
41831;22794
41833;25167
41835;39734
41837;30479
41839;37327
41841;8966
41843;15986
41847;23995
41849;25030
41851;12725
41855;38268
41857;13067
41859;39450
41861;32254
41863;36571
41865;6626
41871;29695
41874;30531
41876;13249
41878;23518
41880;23588
41886;6581
41890;11337
41892;26260
41894;27095
41896;36152
41898;38728
41900;11136
41902;19188
41904;23168
41908;35687
41912;11056
41916;28351
41918;32703
41920;29814
41922;1110
41926;8547
41928;12890
41930;24180
41932;26850
41934;28381
41940;7452
41942;13417
41944;14151
41946;20676
41948;24882
41951;34441
41955;9433
41958;21167
41962;29249
41964;36600
41966;36813
41968;485
41970;3353
41972;20082
41974;22254
41976;24830
41978;27568
41980;430
41982;2049
41984;30962
41988;6024
41990;8122
41992;21116
41996;37580
41998;7644
42001;38896
42004;278
42008;39256
42013;36261
42016;39398
42018;2086
42026;27682
42030;20526
42032;23038
42034;31415
42040;8269
42042;12611
42044;38461
42046;25536
42048;3273
42050;4031
42052;10001
42055;13903
42059;1214
42063;20508
42066;28981
42068;35461
42072;37479
42074;13101
42076;15444
42078;22225
42082;31554
42084;4422
42086;15788
42088;22466
42090;32210
42092;32847
42094;10426
42096;23405
42099;6246
42101;20425
42104;29021
42106;36059
42108;36142
42110;35742
42113;14182
42115;16981
42117;24678
42119;29386
42121;31698
42123;13820
42125;24833
42128;24959
42130;28884
42141;32967
42143;3134
42145;6799
42151;7709
42153;9566
42155;13444
42157;20152
42160;21250
42162;7758
42165;25420
42169;8111
42173;26876
42175;27236
42177;39455
42179;1256
42181;10621
42183;34452
42185;34940
42187;35984
42189;5041
42191;7474
42195;19752
42201;6773
42203;20461
42205;38928
42211;16507
42213;38902
42215;595
42217;1634
42219;7824
42225;30268
42227;5623
42229;10055
42231;27252
42233;31745
42235;32621
42237;28553
42239;8459
42241;28793
42243;6466
42245;12679
42247;30264
42249;37501
42251;20124
42253;24607
42256;28402
42258;34879
42261;32877
42263;39713
42267;20059
42269;21771
42273;29895
42275;3814
42277;7802
42279;13104
42281;15518
42283;33029
42287;34210
42289;38521
42291;26461
42293;27363
42297;635
42299;7510
42303;38235
42305;3250
42307;12988
42311;28923
42313;34744
42322;38373
42324;37925
42326;38036
42328;1509
42330;7747
42332;10071
42340;32144
42342;32289
42344;1514
42346;23548
42348;29549
42350;32540
42352;24666
42354;31499
42356;34300
42358;31969
42364;22452
42366;25506
42368;26583
42370;3965
42372;4125
42374;6879
42376;1600
42378;5869
42381;11637
42383;17154
42385;7816
42387;13240
42391;4967
42395;37206
42397;15606
42399;20772
42401;477
42403;25485
42405;28562
42407;34125
42409;37937
42411;18837
42413;7767
42415;22067
42417;25058
42421;19181
42423;23717
42425;25620
42429;4
42432;21506
42434;22107
42438;37266
42440;9976
42442;10719
42446;24948
42450;14775
42456;24543
42458;32032
42464;11833
42466;15889
42468;19970
42470;23120
42474;18021
42476;26467
42478;103
42480;13563
42486;6324
42488;9711
42490;14990
42492;28112
42494;1061
42496;13288
42498;23466
42500;25778
42502;36510
42504;14966
42506;20416
42508;20544
42510;36345
42514;24564
42518;21559
42520;23371
42522;28806
42524;30403
42526;33931
42528;23472
42530;26392
42532;29358
42536;4592
42538;7715
42542;38337
42544;8769
42546;21942
42550;28677
42552;29867
42554;39397
42556;10256
42562;35812
42566;24216
42568;35661
42570;39731
42574;12813
42576;13087
42579;19515
42581;19607
42583;523
42585;1879
42589;30431
42591;38730
42593;9886
42595;22661
42597;28052
42599;32403
42601;39955
42603;1474
42605;20639
42607;21832
42609;25529
42612;988
42614;7557
42616;7836
42622;9609
42626;39795
42628;9157
42630;17583
42632;24735
42634;34613
42638;19386
42640;36309
42642;15368
42644;17367
42646;25125
42650;33664
42652;6081
42654;25930
42656;28914
42660;24992
42662;693
42664;8244
42666;18422
42670;22570
42672;23107
42674;28391
42676;31288
42680;29997
42682;7993
42684;10990
42686;12776
42688;15374
42692;10248
42694;20018
42696;24633
42698;39395
42706;39701
42710;11098
42712;29502
42714;32358
42716;8509
42718;29110
42720;35720
42722;38175
42726;13782
42730;9167
42732;10317
42734;27484
42737;36068
42739;4520
42743;25877
42745;33982
42747;39067
42749;5914
42751;7425
42754;11282
42756;38114
42758;39881
42760;6118
42762;21113
42764;24786
42766;25049
42768;27259
42770;35652
42772;39742
42774;12022
42779;17809
42783;28464
42787;33770
42789;1218
42791;5666
42795;12678
42797;23585
42799;12983
42801;26195
42807;3342
42809;6547
42811;27871
42813;28536
42815;38765
42817;1930
42821;8829
42823;22021
42827;2547
42829;21445
42831;36164
42833;38173
42835;2090
42837;12057
42839;15429
42841;22025
42843;929
42845;3726
42847;21745
42849;28931
42851;15771
42854;3146
42856;26305
42858;34689
42860;1823
42864;12675
42866;20214
42868;33494
42870;6577
42872;9412
42874;15692
42876;31896
42878;30830
42881;32834
42883;8207
42887;21839
42889;22728
42891;25132
42893;38229
42897;6770
42899;12423
42901;28526
42905;21995
42907;26632
42909;37831
42911;30083
42915;4965
42917;8634
42919;8774
42921;9680
42924;22630
42926;39203
42928;2380
42930;6236
42936;36709
42938;3934
42940;12907
42942;36659
42944;2016
42946;15049
42948;18966
42950;28775
42952;30766
42957;39659
42959;14523
42961;22083
42963;23087
42965;30052
42967;18929
42969;31931
42973;26397
42975;7785
42980;25839
42984;31165
42986;31950
42988;33809
42992;10759
42994;12980
42996;18050
42998;22514
43000;26880
43002;31093
43004;12365
43006;22444
43010;15879
43012;16305
43014;27554
43016;39149
43018;2508
43020;11117
43022;16031
43024;29516
43026;38341
43028;2480
43030;10502
43034;3372
43036;9057
43039;22194
43041;26921
43043;37391
43045;10471
43047;29391
43051;38428
43053;24060
43055;25626
43057;32752
43059;808
43065;9058
43067;9272
43075;20574
43077;22678
43079;31711
43081;29473
43083;34540
43087;9953
43089;19475
43093;20770
43095;4628
43099;7170
43101;22518
43103;23948
43107;28936
43109;30041
43113;39971
43115;5023
43117;16263
43119;23055
43121;26420
43123;39115
43127;15837
43130;26490
43132;272
43134;831
43136;4547
43138;5049
43140;5253
43142;30979
43144;11319
43146;14520
43148;19648
43150;33667
43152;36892
43154;11442
43156;12091
43158;13432
43161;30341
43163;30730
43165;6048
43167;9653
43169;11820
43171;22206
43173;35699
43177;11959
43179;18121
43181;25356
43183;25465
43185;7087
43189;16129
43193;12844
43195;22369
43201;38806
43203;1626
43205;10404
43211;36071
43215;11643
43217;36394
43221;38250
43223;32921
43225;1806
43230;19394
43232;21048
43234;26483
43236;19368
43238;33860
43240;39342
43242;3759
43244;13146
43246;25255
43248;22562
43250;25131
43254;4015
43258;11595
43260;13062
43262;20062
43264;34537
43266;13358
43268;15626
43270;30987
43272;6720
43276;11493
43278;30398
43280;36545
43282;7039
43284;10067
43286;14154
43288;36970
43292;36098
43294;38420
43296;39758
43298;10258
43300;23575
43302;30975
43304;36945
43306;39295
43308;405
43310;7307
43314;804
43316;3387
43318;11801
43320;25257
43322;35506
43324;18616
43326;21888
43328;24429
43332;39124
43336;22364
43338;36955
43342;14784
43344;22184
43346;7650
43348;37878
43352;15642
43354;27983
43356;37868
43358;39863
43360;15468
43362;19500
43364;28889
43366;33857
43370;21715
43372;36087
43376;3985
43380;16817
43383;21781
43387;372
43391;6054
43393;30315
43395;19722
43397;20362
43399;26907
43401;39386
43405;20436
43407;20811
43409;24405
43411;38424
43415;14882
43417;24478
43419;25089
43421;1734
43423;2120
43427;24246
43429;25399
43431;28104
43433;1186
43435;13473
43439;21643
43441;24116
43443;29914
43445;32741
43447;33194
43449;35148
43451;162
43453;5721
43455;13964
43459;30984
43461;7618
43463;15137
43465;27028
43467;36170
43469;39624
43475;39980
43477;6385
43479;15339
43481;39629
43483;37533
43485;3915
43487;4602
43491;21263
43493;33406
43495;30663
43497;3618
43499;7585
43501;18863
43503;20834
43505;21043
43509;25473
43511;30592
43513;38183
43515;4115
43517;12633
43519;18572
43521;20072
43523;26666
43525;21585
43527;22284
43529;23894
43531;33986
43533;34313
43535;4045
43537;7678
43541;36094
43545;28831
43549;38802
43553;7472
43555;9239
43557;12673
43559;16202
43563;37350
43565;37584
43567;5017
43569;8832
43571;13367
43573;24560
43575;28974
43577;2149
43579;15336
43581;22314
43583;21935
43585;32644
43591;20569
43597;10372
43601;21903
43605;4738
43607;13342
43611;29774
43617;32562
43622;5080
43624;11770
43626;24157
43628;24889
43630;10007
43632;13183
43634;24858
43636;25889
43638;34837
43640;23469
43652;10296
43654;20939
43656;29705
43660;4897
43662;29991
43666;16219
43668;17603
43670;18575
43672;20149
43674;30026
43676;15018
43678;26307
43680;34415
43682;30182
43684;37346
43686;7456
43688;26406
43690;37253
43692;24758
43694;962
43696;7213
43704;1083
43706;7106
43708;9811
43710;26916
43712;38186
43714;7231
43718;22636
43720;26135
43722;260
43724;7498
43726;14147
43728;21998
43732;26657
43734;30771
43736;1894
43738;13395
43740;18752
43742;20077
43744;26224
43746;5276
43748;19560
43750;34964
43758;25037
43760;30956
43764;5281
43768;11121
43770;13558
43772;38383
43776;32235
43778;6392
43780;13708
43782;24439
43784;32525
43786;38101
43790;13926
43792;15384
43794;17955
43796;32243
43800;28767
43804;5735
43806;5881
43814;31946
43816;34548
43818;39420
43820;7490
43822;8519
43824;9967
43826;21532
43828;27433
43830;6313
43836;33642
43838;39543
43840;28649
43842;36787
43844;14824
43846;25685
43848;4903
43852;11265
43854;12691
43856;14093
43858;20447
43860;30447
43862;5509
43864;11378
43866;26748
43868;29702
43870;31827
43874;13075
43876;28179
43878;36474
43880;36766
43882;7139
43884;7178
43886;14134
43889;30302
43894;10400
43896;11027
43898;14124
43900;16166
43902;26709
43904;32775
43910;9252
43912;9807
43914;15921
43916;27168
43918;27641
43920;37431
43922;20747
43924;31467
43926;34640
43928;4199
43930;4868
43932;35408
43934;6767
43936;7878
43938;8528
43940;15675
43942;30860
43946;38495
43950;6280
43954;13909
43956;17861
43958;21806
43960;21225
43962;11160
43964;23651
43966;33076
43968;1630
43970;5916
43972;25065
43974;27653
43976;29784
43978;13345
43980;28672
43982;20920
43984;38073
43986;3341
43990;7562
43992;14040
43994;17864
43998;29218
44000;39452
44002;23261
44006;5032
44008;6491
44010;9696
44012;20563
44014;16279
44016;25235
44020;13923
44022;32723
44024;33469
44026;37665
44028;39440
44030;1698
44032;4730
44036;25426
44038;36336
44040;11798
44044;38751
44046;39952
44048;13583
44050;19933
44056;38120
44058;2925
44060;20231
44062;22199
44064;35819
44066;37989
44072;27122
44074;2214
44079;10456
44081;15378
44085;24574
44087;34432
44089;39582
44091;2665
44093;6388
44095;7731
44097;16486
44099;22137
44101;12968
44103;24979
44105;30867
44107;35775
44111;1366
44113;22834
44115;35391
44117;25577
44119;31167
44123;2335
44125;2722
44127;18335
44131;23610
44133;16482
44135;31261
44137;32478
44141;28387
44143;29755
44145;34847
44147;40007
44149;9462
44151;15748
44155;28968
44159;7401
44167;26139
44171;24005
44180;16987
44184;604
44186;8116
44188;19029
44190;37174
44192;2052
44200;22098
44202;10339
44204;15335
44206;22784
44208;24752
44210;34829
44212;27341
44214;27525
44216;31960
44218;6544
44220;12895
44222;16751
44224;18988
44226;21193
44228;32800
44230;35601
44236;31749
44238;32372
44241;32550
44243;35380
44247;9920
44249;29640
44251;34135
44253;37923
44255;26190
44257;35789
44261;4586
44267;26015
44269;39174
44271;1532
44273;21704
44275;21825
44277;29234
44281;28246
44283;37829
44285;27689
44287;36463
44289;37726
44291;2793
44293;3697
44295;8514
44297;14037
44299;24789
44301;8724
44305;25864
44307;33120
44309;37932
44311;7028
44313;11111
44315;12321
44317;27125
44321;36032
44325;13203
44327;18526
44331;27322
44335;13674
44337;23660
44339;21248
44341;25387
44343;29682
44345;12600
44347;21530
44349;33865
44353;6090
44357;29626
44359;29672
44361;39322
44365;19683
44367;34022
44369;3844
44371;15160
44373;36625
44375;37279
44377;38084
44382;36822
44388;15096
44390;19018
44392;20674
44396;588
44398;6796
44400;8597
44402;28051
44406;7967
44412;3099
44414;4620
44416;19887
44418;33239
44420;37177
44422;6866
44424;12761
44426;17899
44430;28173
44432;33369
44436;35894
44438;7799
44440;12356
44442;18697
44444;25214
44450;19005
44454;30492
44456;33914
44458;11415
44462;5844
44464;33647
44466;9910
44470;30641
44472;35543
44474;33170
44480;15034
44483;23315
44485;30428
44489;39926
44491;21523
44493;28633
44496;36024
44498;7633
44500;12135
44502;23030
44504;23692
44506;28762
44512;13664
44514;16554
44516;18611
44520;5185
44522;6529
44524;7074
44526;11634
44528;15144
44530;1418
44532;10568
44534;13890
44536;39285
44538;7370
44540;15763
44544;24275
44546;27920
44548;21984
44550;23616
44552;1407
44554;1799
44556;7122
44558;9692
44560;12778
44562;29262
44564;32154
44566;33844
44568;74
44570;12448
44572;12846
44576;23879
44578;3843
44585;39749
44587;38039
44589;8541
44591;23497
44594;24746
44596;24897
44598;31177
44600;9300
44602;21440
44604;26534
44606;31366
44608;22034
44610;30521
44612;36851
44616;35416
44618;37001
44620;37945
44626;38925
44628;2057
44630;7466
44632;7480
44634;15293
44636;32453
44638;10310
44640;23539
44642;14131
44644;21422
44646;28742
44648;6352
44650;7378
44652;8351
44654;11470
44656;13084
44658;14832
44660;27736
44662;31702
44664;37636
44666;37824
44668;8705
44672;20015
44674;22989
44676;24875
44678;30189
44682;14818
44684;24627
44688;10781
44690;19800
44692;25885
44694;28503
44696;23955
44700;39564
44702;1762
44704;2614
44708;34750
44711;36921
44713;6022
44715;6834
44717;19379
44721;29919
44723;37965
44725;9213
44727;10325
44729;16175
44731;30153
44733;33019
44736;2946
44738;10349
44740;10352
44742;21274
44744;32503
44748;24016
44754;39796
44756;7197
44758;28129
44760;37507
44762;3609
44764;6445
44766;9911
44768;12014
44770;34156
44772;6379
44774;20611
44778;39825
44780;1836
44782;28197
44784;10094
44786;13873
44788;20725
44790;27649
44792;27940
44794;37744
44796;12434
44798;13448
44800;26412
44802;27859
44804;28607
44806;9036
44808;20829
44812;13138
44814;28006
44816;5308
44818;18685
44820;30057
44822;32720
44826;20153
44832;701
44836;2775
44838;9529
44840;13701
44842;39262
44844;1009
44846;24172
44850;27678
44854;685
44858;12291
44860;19856
44862;24223
44864;31203
44866;38070
44868;3648
44870;16028
44872;20047
44876;35704
44878;1431
44880;24349
44884;28028
44888;29432
44892;4443
44894;4589
44896;15091
44898;20371
44900;23093
44902;2680
44904;5228
44906;35546
44908;15464
44910;27225
44914;32262
44916;6288
44920;25914
44922;28083
44924;10714
44926;33918
44928;33999
44932;5748
44936;8312
44938;9971
44942;37422
44944;826
44946;10075
44948;11225
44950;28202
44952;34501
44954;24072
44961;38011
44963;34533
44965;9808
44967;11684
44969;16124
44971;17920
44973;27891
44975;8890
44977;12687
44979;17197
44981;21484
44985;841
44989;25566
44991;33669
44993;36391
45001;25847
45003;1620
45005;20491
45007;20728
45009;25850
45011;26677
45013;9596
45015;13728
45017;30031
45019;35762
45021;7207
45023;20367
45025;27249
45027;2036
45029;15286
45031;23417
45039;26710
45041;38125
45043;38586
45045;12083
45047;24209
45051;33829
45055;13003
45057;13012
45059;13911
45061;24106
45067;26206
45069;31524
45071;26250
45073;27912
45075;33243
45077;3961
45079;4612
45081;20511
45083;24045
45085;24301
45087;33805
45089;35363
45093;3997
45095;9074
45097;9228
45099;39376
45101;4453
45103;15645
45105;21701
45107;24728
45109;39143
45117;22777
45121;21590
45123;38502
45125;38602
45127;26901
45129;9133
45131;12430
45135;22940
45139;24867
45141;31635
45143;38536
45145;39190
45147;13561
45149;26889
45151;39462
45155;19945
45161;14336
45163;15490
45165;10429
45167;14858
45169;25635
45173;8905
45175;24259
45177;38144
45179;38923
45183;23452
45185;30227
45189;19550
45191;24756
45195;33707
45197;27205
45199;28191
45203;32601
45205;10212
45207;20157
45209;34405
45211;35560
45213;21246
45215;24102
45217;37023
45219;39055
45221;883
45223;10928
45225;14320
45227;16570
45229;37912
45233;25116
45235;26716
45237;2672
45241;4607
45243;11369
45245;22412
45247;2565
45249;13441
45253;38031
45255;10090
45257;24365
45259;36015
45261;33921
45263;35487
45265;647
45269;8147
45273;32383
45275;5489
45277;5671
45281;33956
45285;13852
45287;26540
45291;13639
45293;14026
45295;26092
45297;29080
45299;22672
45301;24691
45305;781
45307;13023
45309;19375
45311;2898
45313;14410
45315;19313
45317;36927
45325;28242
45327;32661
45329;35502
45331;1815
45333;14653
45335;19744
45337;26688
45339;30296
45341;37381
45343;1582
45345;4719
45347;8868
45351;27389
45353;36934
45355;38411
45357;39030
45359;9423
45361;14547
45363;26536
45365;27550
45367;32043
45369;28729
45371;38140
45373;1312
45375;2321
45377;11345
45379;11957
45381;18502
45383;14194
45385;14393
45387;24123
45389;30450
45395;10609
45399;13646
45401;23706
45403;34707
45405;4927
45407;7525
45411;17859
45413;25277
45417;775
45419;3300
45421;4654
45425;34246
45429;22409
45431;27178
45433;37736
45435;35309
45437;37538
45439;14351
45441;20749
45443;21570
45447;27858
45449;2328
45451;9917
45453;28190
45455;30001
45457;36145
45459;39365
45461;2741
45465;9888
45467;21216
45471;9878
45473;22994
45475;38456
45479;13176
45481;2836
45483;5160
45487;11166
45491;23856
45493;25318
45495;31147
45497;32153
45499;39193
45501;4429
45503;12728
45505;13711
45507;23654
45509;12826
45511;13895
45513;32361
45515;33258
45517;34184
45519;1448
45523;22860
45525;31035
45529;26089
45531;2518
45533;7780
45535;18938
45537;21803
45539;24369
45541;7193
45545;37216
45547;14327
45549;15555
45551;23797
45555;27457
45557;13762
45559;34029
45561;31891
45563;33325
45565;33564
45567;12169
45571;23349
45579;32971
45581;38056
45583;1679
45585;11968
45587;21065
45589;26386
45591;30362
45593;38289
45595;8417
45597;37197
45599;24713
45601;37978
45603;30375
45605;31964
45607;5499
45609;8307
45613;19264
45615;20548
45617;37759
45619;4010
45623;28550
45625;29969
45627;37756
45629;610
45633;6563
45635;29662
45637;32179
45639;36082
45641;3227
45645;6396
45647;14934
45649;26047
45651;38980
45655;27418
45659;35353
45661;36496
45663;18921
45665;25875
45667;37849
45669;7737
45671;8194
45673;26163
45675;38058
45677;4971
45679;14250
45681;19435
45683;30178
45685;33013
45689;28583
45691;32828
45693;7092
45695;7538
45699;1437
45701;1986
45703;32465
45707;35588
45709;27158
45711;35809
45713;6449
45715;19306
45717;19597
45719;34795
45723;36865
45725;6262
45727;13617
45729;15082
45731;18984
45733;25544
45735;33896
45737;37861
45739;4709
45741;6793
45745;23256
45747;32328
45750;10432
45752;38387
45754;9781
45756;20753
45758;27085
45760;32419
45762;37181
45764;39753
45766;155
45768;1191
45770;5231
45774;30091
45776;35402
45778;36949
45780;37018
45782;900
45784;4477
45788;7602
45790;13676
45794;3234
45796;8302
45798;10488
45800;15649
45802;13018
45804;17611
45806;28099
45810;36604
45812;5313
45814;20552
45824;22641
45826;27102
45830;36227
45832;6189
45834;23429
45838;36975
45840;39260
45844;3289
45846;14639
45850;33265
45852;31401
45854;36755
45858;23921
45860;7183
45864;13985
45866;18794
45868;20003
45870;13131
45872;22644
45874;29747
45876;31600
45880;23337
45882;2374
45884;5266
45886;8955
45890;27832
45892;2971
45900;30461
45904;35404
45908;22046
45910;39417
45912;35210
45914;4285
45916;22826
45920;31075
45924;3064
45926;7587
45928;10430
45930;11473
45936;34545
45938;4878
45942;15873
45944;1715
45946;8251
45948;21326
45950;38266
45952;2465
45954;10947
45956;4744
45958;21108
45960;24986
45962;3749
45964;28228
45966;1682
45970;15267
45972;26082
45974;13156
45976;13298
45978;20208
45982;1526
45984;1869
45986;8369
45988;12184
45992;19454
45994;24497
45996;34761
45998;33548
46000;2852
46004;14777
46006;22321
46008;32189
46012;29560
46014;37409
46016;7238
46020;11591
46022;26181
46024;26458
46026;38665
46028;10915
46030;12441
46032;15681
46034;12507
46038;22598
46042;36616
46045;5854
46047;12258
46049;35325
46051;1705
46053;9141
46063;7005
46065;11405
46067;16121
46069;23388
46073;9030
46075;9189
46077;32963
46079;7864
46083;18975
46085;25662
46087;33934
46089;1643
46095;39182
46099;25823
46101;35302
46107;6411
46109;11303
46111;12977
46117;32511
46119;35574
46121;7629
46125;33215
46129;27343
46131;35781
46133;2302
46135;3073
46137;8951
46139;9614
46141;13190
46143;31320
46145;9391
46147;10740
46149;11259
46151;25343
46153;26041
46155;1867
46159;12816
46161;35450
46169;13530
46173;23680
46175;24387
46179;33510
46183;12113
46187;26085
46191;19284
46193;32070
46195;37599
46197;14931
46199;33694
46205;13064
46207;18423
46209;5512
46211;24062
46213;25780
46219;2323
46223;10378
46227;14988
46229;37263
46231;1904
46235;11146
46237;27867
46239;12887
46241;28902
46243;33753
46245;2684
46247;31387
46249;37165
46251;39839
46253;10272
46255;13769
46257;15257
46263;6102
46265;10218
46267;19627
46269;23217
46271;12240
46273;25830
46275;22823
46277;32616
46279;34730
46281;3237
46283;5136
46285;7597
46287;14412
46289;21134
46295;10440
46297;10922
46301;25796
46303;33868
46305;9988
46307;21131
46309;23899
46311;33874
46313;4067
46319;6580
46325;8502
46327;25450
46329;29325
46331;1667
46333;3990
46335;24331
46337;38294
46339;2933
46341;6169
46343;13049
46345;35738
46349;27453
46351;31864
46353;2915
46359;33872
46361;34921
46363;39350
46365;2316
46367;4438
46369;9658
46371;20892
46373;28894
46375;7381
46379;19755
46381;25742
46383;33108
46387;7818
46391;23182
46393;24256
46395;1427
46397;16215
46399;29734
46401;38908
46405;7723
46411;4224
46413;10048
46415;20529
46417;23324
46419;23657
46421;6419
46425;37871
46427;38936
46429;7941
46433;501
46435;5744
46437;6802
46439;20683
46441;4039
46443;7301
46445;28731
46447;19994
46449;31774
46451;5522
46453;7896
46457;13644
46459;16599
46461;21952
46463;32946
46467;5997
46469;6856
46473;12153
46477;36520
46479;12892
46487;30884
46489;33398
46491;15632
46495;32282
46497;33712
46499;35668
46501;24762
46505;29202
46507;31191
46509;17917
46511;23433
46516;35269
46518;25134
46524;11399
46526;11503
46532;11765
46534;18607
46536;31547
46538;13580
46540;18977
46542;36112
46544;23887
46546;7955
46548;12867
46550;1137
46552;6365
46554;14357
46556;30066
46558;30350
46560;22428
46562;35074
46564;36517
46566;8986
46568;9705
46570;18962
46572;34067
46574;35641
46576;6194
46578;4856
46580;32893
46582;34171
46586;16062
46590;1819
46592;27045
46594;34372
46596;36219
46598;36613
46602;22143
46604;26230
46606;30527
46608;31291
46610;37844
46618;21207
46620;28575
46622;30421
46626;37444
46628;6903
46630;8107
46632;8837
46634;18725
46638;2096
46640;23457
46642;26368
46644;27759
46646;32658
46648;2307
46650;7219
46652;11658
46654;14586
46656;39107
46658;15350
46660;22169
46662;22586
46666;6490
46670;18767
46674;13128
46678;15994
46680;20235
46682;22241
46684;21092
46690;5658
46692;9840
46694;10901
46696;18728
46698;5112
46700;9006
46702;26116
46704;28237
46706;2361
46710;35618
46712;13303
46714;15182
46718;13942
46720;15973
46722;25716
46724;38379
46726;13188
46730;16277
46732;32480
46734;32770
46736;728
46738;9255
46740;23292
46742;30993
46746;12794
46748;13404
46750;29065
46752;30007
46754;31160
46756;5047
46758;11506
46762;31646
46768;36912
46770;33142
46772;12188
46774;12308
46776;13438
46778;23673
46782;935
46784;1984
46786;31632
46788;6082
46790;11062
46792;25247
46794;27816
46796;33484
46798;37950
46800;9867
46802;15310
46804;21487
46806;21973
46808;24097
46810;8373
46812;9647
46814;23730
46816;25180
46818;37790
46820;99
46824;27938
46826;28361
46828;7377
46830;27726
46832;32170
46834;35178
46836;14097
46838;23695
46842;31053
46844;32781
46846;8638
46848;15982
46850;24212
46852;27049
46854;36237
46856;6729
46858;9060
46860;12451
46864;24545
46866;32055
46868;36872
46870;38734
46874;6689
46876;16702
46878;38568
46880;734
46884;6900
46886;6963
46892;26409
46894;3616
46896;5941
46898;6044
46904;32091
46906;33911
46908;3651
46910;8083
46912;12147
46914;22909
46916;28421
46918;12860
46920;28797
46922;36405
46924;6782
46926;13463
46930;31917
46932;15825
46934;22495
46942;4191
46944;5770
46948;12214
46950;19671
46952;31494
46954;38680
46956;578
46958;1496
46960;14561
46962;18947
46966;20956
46968;30371
46970;36214
46972;6031
46974;6225
46976;12011
46978;13566
46980;16532
46982;6146
46988;38458
46990;4295
46992;8651
46994;26192
46998;33791
47000;573
47006;20642
47008;32856
47010;7820
47012;11132
47014;21085
47016;24279
47020;8365
47022;8678
47024;13759
47026;24396
47034;29221
47036;37769
47038;14942
47040;37696
47046;23013
47050;25071
47054;35821
47056;37434
47060;7390
47062;8729
47064;14312
47066;26962
47068;28091
47070;38090
47074;10105
47076;10249
47080;23590
47082;8608
47084;25666
47086;36132
47088;28609
47090;34711
47092;3292
47094;11278
47098;11779
47100;23034
47102;1908
47106;6603
47108;13917
47110;3160
47112;32444
47114;37934
47116;21828
47118;31886
47122;37595
47124;7214
47126;19644
47128;24069
47130;25489
47134;6536
47138;35230
47140;38417
47142;6493
47144;16651
47146;25986
47148;37793
47150;1303
47152;11022
47154;12393
47156;32366
47158;37041
47160;6191
47162;10788
47166;18892
47168;38679
47170;36898
47172;4885
47176;22846
47178;23598
47180;24002
47182;12792
47184;18655
47188;14708
47190;16260
47194;24798
47196;26602
47200;21418
47202;26257
47204;27367
47208;28669
47210;28927
47212;30471
47214;8299
47220;12132
47222;28093
47224;34473
47230;28272
47232;31476
47236;1182
47238;2782
47242;8101
47246;3009
47248;23968
47250;25993
47254;26464
47256;28291
47258;36868
47260;2216
47262;10444
47264;18873
47270;35730
47272;36458
47274;6435
47276;21294
47278;24292
47280;26168
47282;30942
47284;35754
47286;38242
47288;39292
47290;3332
47292;23932
47294;24927
47296;25656
47300;39138
47302;2005
47304;5696
47306;16297
47308;31182
47310;32146
47318;12836
47320;13160
47322;33477
47324;17651
47326;19729
47328;37475
47330;5875
47336;32669
47338;33187
47340;36515
47344;21291
47346;24039
47350;28210
47356;32679
47360;32977
47366;15498
47368;24314
47370;29254
47372;1690
47374;20195
47380;5676
47382;15274
47384;27581
47386;35634
47390;7740
47392;7952
47394;11697
47396;39000
47400;13200
47402;17014
47404;17915
47408;19011
47410;20279
47412;33847
47414;34165
47416;39161
47418;37157
47420;368
47422;13059
47424;25348
47426;31781
47430;27527
47432;1316
47434;11609
47436;19998
47438;20430
47440;22275
47442;27359
47444;36374
47448;23750
47450;30242
47452;36760
47454;2657
47456;9978
47458;22279
47460;22372
47462;23391
47464;10896
47468;31926
47472;36321
47476;20245
47478;21430
47480;23740
47482;25961
47486;31868
47488;21145
47490;26804
47492;27547
47494;32810
47496;7659
47500;14167
47502;19759
47504;23402
47506;37781
47508;39982
47510;24356
47512;39212
47514;39458
47516;17022
47518;20112
47522;39781
47524;6201
47526;20423
47528;20671
47534;8386
47536;24470
47538;27957
47540;30762
47542;32783
47544;33804
47546;1391
47550;23369
47554;28886
47556;9306
47558;15596
47560;15720
47562;31228
47564;34284
47566;8003
47570;24550
47572;24940
47574;8339
47576;15944
47578;35130
47580;37796
47584;6185
47586;18531
47588;23722
47590;28170
47592;28878
47594;2332
47600;19665
47602;26035
47608;18395
47610;24652
47612;37420
47614;26317
47616;36397
47618;37563
47620;9069
47626;20757
47628;21255
47632;25717
47634;32672
47636;1766
47638;7229
47640;9203
47642;12997
47644;18586
47646;33259
47648;36200
47652;22539
47654;615
47656;14317
47660;39150
47666;2123
47668;6920
47670;8021
47672;13607
47674;22960
47676;11946
47678;32762
47680;26105
47682;29151
47684;33286
47686;3077
47690;11064
47692;20806
47694;22317
47698;7718
47700;9828
47702;32995
47708;7072
47710;10362
47712;19205
47714;25808
47716;29069
47718;31756
47722;15884
47724;20010
47726;11095
47730;28947
47732;13773
47734;28809
47736;33515
47738;23412
47740;32107
47742;39089
47746;8348
47748;8644
47752;22088
47754;13056
47756;27007
47758;29375
47762;2178
47764;7610
47766;16545
47768;25328
47770;6707
47774;16101
47776;33443
47778;34044
47780;9483
47782;20385
47784;22309
47786;34754
47788;9586
47790;9600
47792;24523
47794;29468
47798;2688
47800;8096
47802;8171
47804;6111
47806;9243
47808;25533
47810;35224
47812;6348
47814;22850
47818;28002
47820;38180
47822;6372
47824;19293
47828;25378
47832;20784
47834;33409
47836;38258
47838;38562
47840;22151
47848;6555
47850;26110
47852;27588
47854;28997
47856;3968
47858;4718
47860;13466
47862;21322
47864;22578
47866;29881
47870;30454
47872;4370
47874;16360
47876;18582
47878;22202
47880;12283
47882;38112
47886;7443
47888;29602
47890;37256
47892;31648
47894;31649
47896;5062
47898;5603
47900;10691
47904;25695
47908;13704
47910;24232
47912;29009
47914;1711
47920;11247
47922;23205
47924;30053
47930;10357
47932;14501
47934;26699
47936;5739
47938;11214
47942;29577
47948;27256
47950;21908
47952;22650
47954;39766
47956;25900
47958;37898
47960;1042
47962;7460
47964;12251
47968;22550
47970;39710
47974;8630
47976;16071
47978;26718
47980;37779
47982;11171
47984;13658
47988;1889
47990;9296
47992;21414
47994;28963
47996;35089
47998;39525
48000;11926
48002;15820
48004;16047
48008;31613
48010;13078
48012;23506
48014;39425
48016;2339
48018;12074
48020;27245
48022;36412
48024;12421
48026;20905
48028;21044
48030;26647
48032;27701
48034;39197
48036;9399
48038;12121
48042;33055
48044;34667
48046;14256
48050;33660
48052;3020
48056;16127
48058;29331
48060;35333
48062;2344
48064;10627
48066;6127
48068;20617
48072;38773
48076;22040
48078;31900
48084;2030
48086;6257
48088;11468
48090;26761
48092;15271
48094;30379
48098;22250
48100;25855
48102;8008
48104;9891
48108;20346
48110;21089
48112;12165
48114;24361
48118;37046
48122;2073
48124;22739
48126;28858
48128;36471
48130;22801
48132;23596
48134;33947
48136;38507
48138;38815
48140;20354
48142;27693
48146;34310
48150;15312
48152;22805
48156;31328
48158;20478
48160;24137
48162;33619
48166;1720
48168;19340
48170;24983
48172;39722
48174;1914
48176;20145
48178;37160
48184;39390
48188;7260
48190;26372
48192;32932
48196;1554
48198;7482
48200;23050
48202;36840
48204;25339
48208;36019
48212;6046
48214;10616
48216;11983
48218;22681
48220;20375
48226;34654
48228;30280
48230;3411
48232;4648
48234;6125
48236;25640
48242;13765
48244;20852
48246;6976
48248;11077
48250;11436
48252;15534
48254;26866
48256;13698
48258;24048
48262;27440
48266;36961
48268;39986
48270;601
48272;22914
48274;24228
48276;31395
48278;33474
48280;36105
48282;36990
48288;15487
48290;29458
48292;32957
48294;12255
48298;33174
48300;33749
48304;30009
48306;31606
48310;4373
48312;8555
48314;24200
48316;25052
48318;39401
48322;592
48326;13661
48328;20086
48330;1614
48334;27511
48336;35238
48338;39065
48340;23735
48342;32682
48344;4058
48346;9265
48348;10777
48350;11402
48354;24553
48356;40026
48358;26812
48360;34178
48362;15061
48364;15593
48366;27732
48368;29225
48370;32025
48372;10665
48374;12739
48376;21851
48380;2038
48382;3663
48384;9466
48386;11287
48390;6167
48392;2765
48394;12117
48396;17299
48398;21348
48400;32194
48404;28424
48406;2592
48408;12156
48410;24773
48412;30511
48414;31238
48416;8329
48418;19957
48420;37078
48422;7147
48424;7435
48426;37202
48428;28519
48430;3899
48432;9525
48434;14289
48436;15440
48440;30633
48442;32634
48446;8749
48448;9590
48450;12351
48454;284
48456;8388
48458;27959
48462;23117
48466;32613
48472;8844
48474;34487
48476;23278
48478;32174
48480;3314
48482;14386
48484;14589
48486;20498
48494;31849
48496;3416
48498;20898
48502;32989
48504;528
48506;7761
48508;15570
48510;33756
48520;31557
48522;39812
48524;12991
48528;35375
48530;39023
48534;19072
48538;24078
48540;35993
48542;8197
48544;23940
48548;2513
48550;20817
48552;1271
48554;12832
48558;21966
48560;22919
48562;9440
48564;12922
48566;14415
48568;21950
48570;23868
48572;5965
48574;32081
48576;12097
48580;16400
48582;21728
48584;22582
48586;23241
48588;33877
48592;11177
48596;206
48598;13192
48600;22187
48604;37981
48608;13913
48610;15465
48614;11616
48616;25045
48618;30836
48620;1442
48622;7258
48624;11496
48626;33974
48628;1568
48630;6823
48632;13596
48634;16523
48636;26932
48638;24036
48640;36476
48642;36609
48644;7076
48646;22115
48648;33364
48652;895
48654;4641
48656;19031
48658;19871
48660;31929
48662;38576
48664;39445
48666;39706
48668;911
48672;7256
48674;36782
48678;14797
48684;915
48686;14567
48690;7235
48692;37711
48694;38847
48696;39367
48698;7745
48700;11529
48702;17592
48704;21148
48706;23555
48708;9171
48710;24841
48712;31941
48714;15854
48716;26335
48718;4448
48720;6015
48726;15297
48728;28590
48730;8687
48736;20856
48738;22070
48740;10934
48744;39393
48746;2254
48748;4909
48750;17599
48752;22462
48754;39298
48756;34551
48758;38711
48760;1424
48762;5798
48764;6926
48768;26675
48770;8322
48772;20761
48774;33281
48776;15168
48778;16968
48780;24196
48782;27569
48784;27862
48788;11965
48794;20653
48796;21493
48798;33601
48800;34251
48802;36540
48804;37228
48806;39914
48810;12821
48812;16485
48816;1575
48818;2859
48822;22211
48824;27082
48826;3453
48828;31489
48830;33386
48832;5293
48834;10122
48838;26416
48840;30093
48842;37740
48844;39240
48846;2244
48848;15475
48850;18828
48852;21892
48854;34945
48856;2469
48858;4107
48862;21847
48864;8029
48866;11537
48868;24501
48870;28309
48872;6677
48874;34303
48878;1035
48880;2490
48882;21606
48884;31705
48886;34242
48888;29572
48890;36270
48892;142
48894;11930
48896;13111
48898;16766
48900;23009
48902;8922
48904;27523
48906;20740
48908;27482
48910;37143
48912;1056
48914;5025
48916;13567
48918;29229
48920;17302
48922;21622
48926;33181
48928;39105
48930;2395
48932;7101
48938;6414
48940;25423
48942;26610
48944;29268
48946;39460
48948;1326
48950;28647
48954;33027
48956;33335
48958;27269
48960;29239
48962;31880
48964;1534
48966;3512
48968;11082
48970;22791
48972;25112
48974;3980
48976;9667
48978;12871
48980;17912
48984;12092
48986;19346
48990;1320
48994;13180
48998;28480
49000;7571
49002;9329
49004;15346
49006;38492
49008;10767
49010;13832
49012;13869
49016;14699
49020;27619
49022;34444
49024;37105
49026;34516
49028;5235
49030;7440
49032;11752
49034;23714
49038;16468
49040;20531
49042;22340
49044;35400
49046;5725
49048;37302
49050;6362
49052;13752
49058;34160
49060;3053
49062;4999
49066;25197
49068;7680
49072;16081
49076;69
49078;9843
49080;15629
49082;18629
49088;11973
49090;14805
49092;18823
49094;22950
49096;1120
49098;9724
49100;23772
49102;27401
49104;38445
49106;4210
49108;13654
49110;21409
49112;32458
49116;17868
49122;33784
49124;5232
49126;32852
49128;36846
49132;2183
49134;9691
49136;15054
49138;33945
49140;8498
49142;6211
49144;27592
49146;29199
49148;31322
49150;38723
49152;32369
49154;3667
49156;7712
49158;16212
49160;18159
49162;21038
49164;39429
49166;3772
49168;6400
49170;6912
49172;20023
49174;20734
49178;23398
49186;9049
49190;12226
49192;26493
49196;33423
49198;25704
49202;39016
49206;7191
49208;12003
49210;19676
49212;21855
49214;39208
49216;32813
49220;6182
49222;8505
49224;10725
49226;23378
49228;13724
49232;30699
49234;32875
49236;9853
49238;15636
49240;23564
49242;38149
49244;1949
49246;19544
49248;28986
49250;10563
49252;15501
49254;19247
49256;37053
49258;14104
49260;17036
49262;24881
49264;7282
49266;9538
49268;13039
49270;6097
49272;14704
49274;18005
49276;24696
49278;29562
49282;4315
49284;5108
49286;12390
49290;35423
49294;22702
49296;6176
49298;13499
49300;16637
49302;19002
49304;29106
49306;38656
49310;12278
49312;21934
49314;25370
49318;38306
49320;7428
49322;7595
49324;21012
49326;25661
49328;35305
49330;22361
49332;32694
49334;37110
49336;38187
49338;12248
49340;33000
49342;34291
49344;5096
49346;24508
49350;11827
49352;20094
49354;30215
49356;30538
49362;27855
49364;33105
49366;37469
49368;8858
49372;29287
49374;33255
49376;10600
49378;14208
49380;21049
49382;31658
49384;29277
49386;29612
49388;29653
49392;2197
49394;5814
49396;22092
49398;23000
49402;39922
49406;3953
49408;11374
49410;13992
49412;36138
49414;1491
49416;2648
49418;5015
49420;25056
49422;39679
49424;798
49426;22905
49428;26071
49430;2357
49436;27562
49440;36347
49442;38245
49448;17083
49450;20030
49452;23630
49458;11241
49460;14718
49462;1708
49466;32056
49468;34230
49470;8246
49472;34562
49474;620
49476;30583
49480;452
49482;1461
49484;23110
49486;25275
49488;19000
49490;27303
49492;27393
49496;38544
49498;4100
49504;19460
49508;30823
49510;36591
49512;1220
49514;8050
49516;11541
49518;14913
49520;29327
49522;12431
49524;16313
49526;11633
49528;25025
49530;29160
49532;17562
49534;35734
49540;11997
49542;30311
49544;31578
49546;2440
49548;8256
49554;38725
49556;14597
49558;15687
49560;16085
49562;31761
49564;35427
49570;22780
49572;25633
49574;26873
49576;14274
49578;14573
49580;23152
49582;25638
49584;26149
49586;13015
49590;5257
49592;12105
49594;36719
49596;1159
49598;2920
49600;23185
49602;24848
49604;37097
49606;28666
49608;2368
49610;10754
49612;11124
49614;20120
49616;23187
49618;30355
49620;31393
49622;4414
49624;11236
49626;12019
49628;18846
49632;22580
49634;28306
49638;35987
49640;33082
49644;37135
49646;13460
49648;21069
49650;22977
49652;25087
49654;31629
49658;34400
49660;36312
49662;40016
49664;3700
49666;6052
49668;7789
49670;17906
49672;23363
49674;15536
49676;22545
49678;19201
49686;27995
49688;33866
49694;5904
49696;9795
49698;13666
49704;3797
49706;13246
49708;20636
49710;32375
49712;37169
49716;12162
49718;14900
49720;31041
49724;37835
49726;7589
49728;9725
49732;16848
49736;16017
49738;18799
49740;24334
49742;4092
49744;10180
49746;11422
49752;33856
49754;34808
49756;34877
49758;38263
49760;8524
49764;24527
49766;34659
49768;36586
49770;26499
49772;29412
49774;34813
49776;5852
49778;14303
49782;21551
49784;22502
49786;35778
49788;3355
49790;26354
49792;29095
49794;29337
49796;34935
49798;4535
49802;18138
49804;25401
49806;39075
49810;15514
49812;38106
49814;36231
49816;39331
49820;4206
49822;4565
49824;11891
49826;16036
49830;662
49832;2992
49834;11425
49836;25906
49838;28659
49840;15480
49842;21515
49844;25827
49846;1607
49850;15774
49852;19703
49854;25701
49856;5910
49858;6229
49862;25868
49864;10253
49866;21071
49868;23907
49872;38316
49875;3684
49877;13610
49879;33569
49883;15353
49885;30345
49887;33915
49889;6079
49891;17556
49893;26579
49895;35200
49897;36125
49901;34446
49903;37259
49905;24779
49907;32954
49911;11584
49913;16503
49915;27800
49917;39534
49919;37282
49921;37685
49923;1414
49925;20239
49927;20839
49931;32684
49933;2871
49937;29567
49939;39357
49943;12284
49949;4663
49951;15040
49953;19480
49955;19591
49959;377
49963;15153
49965;5987
49969;19877
49971;27627
49973;23978
49977;5155
49979;7519
49981;12755
49983;13026
49985;17172
49987;6594
49989;9815
49991;29724
49993;38104
49995;38674
49997;27181
49999;28276
50001;29657
50003;4434
50005;7933
50007;15759
50009;21230
50011;24621
50013;32341
50015;40031
50017;22263
50021;26507
50029;19581
50031;22063
50035;10172
50037;24296
50039;25381
50041;29319
50045;7591
50047;30169
50049;35833
50051;6825
50053;12262
50055;23125
50057;32158
50059;39889
50061;7100
50063;11075
50065;19726
50067;24783
50069;34213
50071;4881
50073;8380
50075;11881
50077;20295
50081;22934
50083;25801
50085;7893
50087;13502
50089;13634
50091;16480
50093;18934
50095;4900
50099;20555
50101;23961
50107;24642
50109;14118
50111;21210
50113;6869
50117;3156
50119;14070
50121;15069
50125;37200
50127;29847
50129;31714
50133;7813
50137;11271
50139;14839
50141;21398
50143;14394
50145;35316
50149;30284
50151;36251
50153;12456
50155;16434
50157;19716
50159;25384
50161;32905
50163;20432
50165;31807
50169;37490
50171;18894
50173;24108
50175;25004
50177;26735
50179;32440
50181;19059
50185;23571
50187;28616
50189;28893
50191;38438
50193;7349
50195;16444
50199;21597
50201;29977
50207;34727
50209;5807
50211;2799
50215;27294
50217;30020
50223;1039
50225;5516
50227;9735
50231;29119
50233;15393
50237;27128
50241;4099
50243;18968
50245;22288
50247;26129
50249;33072
50251;16448
50253;16457
50255;34618
50257;5182
50259;5782
50261;9575
50267;18224
50269;21029
50271;28756
50273;29852
50275;38414
50277;29885
50279;31957
50281;598
50283;5661
50289;15767
50291;1374
50293;5058
50297;28837
50299;38527
50301;9573
50303;11390
50305;22942
50307;34734
50309;34792
50311;6070
50313;10485
50315;25171
50317;31595
50319;39668
50321;37087
50323;264
50325;20702
50327;24134
50329;25818
50331;28115
50335;21980
50337;23079
50341;6863
50345;31677
50347;32889
50351;16477
50353;29166
50355;35484
50357;39950
50359;12735
50361;25561
50363;31651
50365;37401
50369;4255
50371;16417
50373;26739
50375;27936
50377;2424
50379;6726
50385;199
50391;34254
50393;25729
50395;28031
50397;36724
50399;1518
50403;11088
50405;14794
50407;21489
50409;36776
50411;37838
50415;32760
50419;1346
50421;3993
50423;4923
50425;22488
50427;30662
50429;6632
50431;11363
50433;15893
50437;21097
50439;35253
50441;36704
50445;7998
50449;21793
50451;22568
50453;26101
50457;29416
50459;32897
50465;2669
50467;12468
50469;21283
50471;28139
50473;36902
50475;29112
50477;34071
50479;8087
50481;25497
50485;33480
50487;6085
50489;7792
50491;9502
50493;30366
50495;34316
50499;11150
50501;11478
50503;23488
50505;28721
50507;13307
50509;20357
50511;12469
50513;18244
50515;28851
50519;11233
50521;11665
50523;31131
50525;11332
50527;11655
50529;31431
50531;37294
50535;21034
50537;28067
50539;31060
50541;40000
50543;8210
50547;13577
50551;35733
50553;37247
50555;4041
50559;7225
50561;12016
50563;29999
50565;2725
50567;7067
50577;4079
50579;6813
50581;16173
50591;9603
50595;38880
50597;39228
50601;17194
50603;30038
50605;2312
50607;10830
50611;27886
50613;32020
50615;2523
50619;11297
50621;38951
50623;6816
50625;8057
50627;12319
50629;7165
50631;13171
50633;13742
50635;845
50637;2631
50639;16007
50641;34589
50647;26126
50651;38789
50653;39676
50657;23759
50659;28827
50661;29525
50663;28415
50665;28495
50669;6938
50671;14889
50673;23992
50675;24813
50677;27795
50679;2171
50681;11360
50685;4061
50687;12044
50689;12472
50691;15164
50693;29668
50697;39901
50699;11699
50701;22235
50705;33439
50707;34869
50709;26679
50711;28404
50717;20190
50719;37332
50721;667
50723;35624
50725;9405
50727;29731
50733;33291
50735;34264
50737;9261
50739;9485
50741;10126
50743;22692
50745;27063
50747;6051
50749;21577
50751;29543
50755;33191
50757;16241
50759;23357
50761;23976
50765;1563
50767;1922
50769;8911
50771;15155
50773;25772
50775;25033
50777;29405
50781;4052
50783;7060
50785;30204
50791;27538
50793;32095
50795;34145
50799;19984
50801;25990
50803;36547
50805;13636
50807;26712
50809;27924
50811;4229
50813;7728
50815;14023
50817;28220
50819;29425
50821;33435
50823;33608
50825;7363
50827;8062
50829;22467
50831;26388
50833;29302
50835;4416
50839;23
50841;14230
50843;21475
50845;712
50847;6972
50849;36295
50851;37375
50853;12054
50859;23925
50863;7973
50865;20719
50867;13749
50869;21737
50871;29553
50873;32398
50875;32927
50877;9554
50879;11273
50881;21552
50885;29352
50887;23052
50889;1267
50893;34052
50895;2225
50897;6735
50903;36504
50907;8877
50909;3254
50911;24485
50913;3318
50915;7873
50917;2908
50919;15949
50923;22927
50925;39919
50927;9558
50929;9837
50931;4863
50933;13197
50937;38743
50939;8053
50941;12519
50945;17840
50947;24443
50951;26729
50955;35174
50959;18321
50961;21573
50963;24517
50965;27148
50967;1241
50969;5133
50971;6778
50973;9612
50976;14863
50978;4456
50982;24489
50984;27999
50988;21679
50990;37037
50992;37418
50994;39854
50996;10053
50998;31188
51002;11409
51004;13229
51008;35552
51010;10036
51012;10245
51014;23273
51016;26806
51018;31971
51020;28407
51022;31981
51024;495
51026;28786
51028;30113
51030;39771
51032;2439
51034;3580
51036;4154
51038;6357
51040;10611
51044;7133
51046;29115
51048;35693
51050;13691
51052;23236
51056;768
51058;19445
51060;20985
51062;32951
51064;31654
51066;36385
51068;37806
51072;6667
51074;16421
51076;23382
51082;36532
51084;520
51086;4131
51088;8576
51090;8943
51092;11040
51094;2950
51098;12885
51100;21360
51102;28918
51104;39046
51106;2166
51108;9135
51110;15421
51112;17429
51114;24594
51116;27631
51118;34061
51120;13794
51122;14389
51124;16256
51126;20332
51128;22432
51130;2383
51132;22072
51134;25935
51136;29020
51138;1593
51142;37716
51144;15669
51148;38375
51150;29271
51152;32665
51154;4247
51156;6087
51158;22426
51160;25607
51162;27506
51164;8036
51166;25287
51168;26313
51170;32092
51172;4137
51174;13747
51180;1073
51184;8979
51186;24513
51188;28057
51190;30466
51192;37523
51196;10289
51200;10794
51202;13407
51204;7899
51206;19668
51208;19700
51212;28578
51214;34289
51216;36107
51218;9318
51220;25335
51222;25759
51224;26987
51226;31243
51228;2537
51230;17623
51234;3515
51236;10771
51238;11396
51246;9195
51250;38221
51252;39163
51254;6497
51258;33349
51260;34123
51262;38900
51264;33379
51266;11044
51268;15178
51270;23191
51272;24309
51274;29861
51276;29383
51278;32575
51280;37940
51282;491
51284;1898
51288;13452
51290;14105
51292;26390
51294;26946
51296;30054
51298;37309
51300;30043
51302;30319
51306;7043
51308;9784
51310;12603
51314;21629
51318;640
51320;9447
51322;17370
51324;19069
51326;35646
51328;36713
51330;37407
51332;8266
51336;31858
51340;28676
51342;36254
51344;7914
51346;8918
51352;20975
51354;38912
51356;22292
51358;27687
51362;14044
51368;28146
51370;4029
51372;18870
51374;24014
51376;29909
51378;32227
51380;7142
51382;11885
51386;29281
51388;27848
51390;33060
51392;37659
51394;6064
51396;6622
51398;7689
51402;12459
51406;31739
51408;34305
51410;37448
51412;27967
51414;37875
51416;38255
51418;7051
51422;19065
51424;21775
51426;25860
51428;28746
51432;32520
51434;1355
51436;12833
51438;13564
51440;20744
51446;39086
51448;39627
51450;255
51452;7240
51454;35855
51458;5167
51462;24659
51464;25713
51466;31089
51468;21138
51470;21340
51472;33781
51474;922
51476;3559
51482;13492
51484;22589
51486;26523
51488;31071
51490;1616
51492;2760
51494;6495
51496;19168
51498;21755
51500;32312
51502;19577
51504;1323
51506;3793
51508;4703
51512;19289
51516;4169
51520;15828
51524;13938
51526;30245
51530;12798
51532;23843
51536;39392
51538;6005
51540;22818
51542;34019
51544;34509
51546;36289
51550;10498
51552;33088
51556;4233
51558;9210
51560;13712
51562;16540
51564;27264
51566;10892
51568;13114
51572;37826
51576;36360
51578;38128
51580;35272
51584;4952
51586;13955
51588;18683
51592;31311
51594;10574
51596;29831
51598;31533
51600;3543
51602;4894
51606;19624
51608;32129
51610;33318
51612;27489
51614;11950
51616;13733
51618;15448
51620;23809
51624;421
51628;29738
51630;31569
51632;1542
51636;8733
51638;8901
51640;25866
51642;17875
51644;26254
51646;33179
51648;33418
51650;2201
51654;14732
51658;23744
51660;36735
51662;23228
51666;28859
51668;33127
51670;37551
51672;11187
51674;14539
51676;19343
51678;30998
51680;34472
51682;32047
51684;940
51686;4342
51690;12051
51696;19096
51698;20098
51700;28816
51702;34907
51704;6423
51706;26456
51708;37229
51710;1052
51712;7773
51716;24329
51718;24570
51720;18848
51724;1263
51726;28372
51728;33526
51732;15064
51734;31759
51738;1363
51742;23123
51746;37784
51748;26586
51750;30706
51754;12802
51756;13976
51758;18533
51760;33524
51764;31190
51772;3847
51776;27058
51778;27532
51780;14754
51782;16079
51786;7251
51788;8075
51792;11430
51796;31208
51798;35554
51800;39944
51802;36042
51804;424
51806;9992
51808;16009
51810;23702
51812;30881
51814;9021
51818;33900
51820;37772
51822;1871
51824;34430
51826;34696
51836;21946
51838;34801
51842;19133
51844;28223
51848;3130
51850;15264
51854;25459
51856;14511
51858;19863
51860;37866
51862;27557
51864;38551
51866;6501
51868;11463
51876;10680
51880;20261
51882;33374
51884;12310
51886;19947
51888;26950
51890;27106
51892;39477
51894;14878
51896;26696
51898;1480
51900;26296
51904;28160
51906;28364
51910;10751
51912;12618
51916;25292
51918;36523
51922;11446
51924;16043
51926;16548
51928;7579
51930;11553
51932;27023
51938;34610
51946;6954
51948;12115
51950;7395
51954;13323
51956;24656
51958;25765
51960;10011
51964;21718
51966;36630
51972;30337
51974;31221
51976;34000
51978;19015
51980;25805
51984;8765
51986;15935
51988;16530
51990;21992
51992;39833
51994;7286
51998;22492
52000;37172
52002;39844
52004;13515
52006;21105
52008;37896
52010;2132
52014;4722
52016;7763
52018;9182
52022;20064
52024;29349
52026;29962
52028;30109
52030;33427
52034;29520
52036;30391
52038;6532
52040;18603
52042;20401
52044;20759
52046;24435
52048;5921
52050;12123
52052;19471
52054;33429
52056;38683
52060;15966
52062;20597
52064;33937
52066;35438
52070;10300
52072;14948
52074;28120
52080;35744
52082;79
52084;5820
52086;6559
52088;10482
52090;13931
52094;27559
52096;32078
52100;29447
52104;36560
52106;4055
52108;5056
52110;11051
52112;12731
52114;26300
52118;7096
52120;7558
52122;23675
52124;27713
52128;13185
52130;22218
52132;25446
52136;31794
52140;36137
52142;37775
52144;28288
52146;1130
52148;6136
52150;10250
52152;12595
52156;23514
52158;29564
52160;37241
52162;16283
52164;19823
52166;31152
52170;16293
52172;23198
52174;23442
52178;23944
52184;4749
52186;12986
52188;16014
52192;23553
52198;37188
52202;11129
52204;15868
52212;12195
52214;34297
52216;4630
52218;9824
52222;35979
52224;14370
52226;16134
52228;21799
52230;37715
52232;38989
52234;24149
52240;28163
52246;559
52250;10034
52252;13461
52254;21501
52256;19638
52262;33476
52264;32711
52268;14156
52270;18181
52272;26143
52274;26292
52280;31407
52282;3408
52284;3883
52286;12549
52288;22394
52290;28804
52292;37973
52296;31197
52298;36029
52300;30713
52302;35541
52306;2845
52308;3272
52310;9580
52312;19924
52314;26285
52320;26519
52322;27160
52324;38472
52326;1098
52330;15361
52332;29252
52336;3852
52338;37450
52340;3591
52342;22604
52346;1006
52348;10584
52350;19830
52352;32765
52354;34838
52356;6614
52360;19787
52366;11197
52368;30360
52370;31255
52372;23445
52374;32184
52376;33207
52378;2772
52380;14219
52382;14788
52384;16208
52388;24556
52390;21388
52392;31470
52394;38822
52398;24320
52400;27420
52402;32168
52408;3461
52410;11670
52412;23283
52414;26925
52416;17508
52418;21646
52420;21822
52422;22424
52424;25189
52426;7759
52430;27166
52432;31962
52434;32708
52436;38956
52438;38964
52442;6233
52446;14727
52448;17296
52450;39022
52452;3725
52454;6029
52456;7437
52458;20383
52460;30990
52462;22765
52464;26928
52470;11837
52472;20566
52474;20999
52476;21691
52480;12086
52482;28411
52484;37947
52486;22924
52488;38540
52490;8570
52492;8948
52498;5223
52500;10384
52504;25119
52506;33040
52508;34419
52510;2474
52512;10261
52514;12325
52516;21188
52518;31268
52522;4890
52526;28156
52528;1955
52530;2142
52532;7486
52534;13620
52536;28151
52538;1597
52540;30255
52542;30938
52544;38020
52546;11334
52548;19106
52550;29096
52552;507
52556;16787
52558;36650
52560;37312
52562;20582
52564;23043
52572;5076
52574;11910
52576;15663
52578;20473
52580;1670
52582;10630
52584;15700
52586;39284
52592;22058
52594;26570
52600;15620
52602;19952
52604;21917
52606;25228
52608;11193
52610;19603
52612;6021
52614;25100
52618;35244
52620;19735
52622;36793
52624;5335
52626;12358
52628;31233
52632;23296
52634;27003
52636;28772
52638;29485
52640;13348
52642;25852
52644;39110
52646;35842
52650;7411
52652;17902
52654;21936
52656;29385
52658;4441
52660;19962
52662;39083
52664;29177
52666;1336
52668;11394
52670;11763
52672;23372
52674;24218
52676;14057
52678;25820
52680;30485
52682;26177
52686;31097
52690;21240
52692;29595
52694;3286
52696;4698
52698;6709
52700;13335
52702;18896
52704;31483
52706;21448
52710;29855
52712;31565
52714;39244
52716;9278
52718;14188
52720;16463
52722;18743
52724;24707
52726;13265
52728;16470
52730;32275
52732;1077
52734;3143
52736;39941
52738;11776
52740;11839
52742;24742
52744;28500
52746;5900
52748;12403
52752;14685
52754;23698
52756;1297
52760;22969
52762;32433
52766;12323
52770;32215
52772;34152
52776;4418
52778;7622
52780;11873
52782;23280
52784;26968
52786;39224
52788;3343
52792;14978
52796;38347
52798;15745
52800;38867
52802;38889
52804;39554
52806;945
52810;19619
52814;33925
52816;14757
52818;23133
52820;24130
52822;28663
52824;34076
52826;21772
52828;37607
52830;2877
52834;10604
52836;13812
52838;18540
52840;37233
52842;2391
52844;4989
52846;9215
52848;17013
52850;31803
52852;3740
52856;14646
52858;21593
52860;37277
52864;26781
52866;34521
52868;8070
52870;6205
52872;20172
52874;35471
52876;4569
52878;13480
52880;35690
52882;36350
52884;2810
52890;13070
52896;34960
52898;29347
52904;8842
52906;12315
52908;14029
52910;32476
52912;2117
52914;3049
52920;22522
52922;13505
52926;24419
52928;4761
52930;20106
52934;31672
52936;34948
52938;9774
52940;38024
52942;3109
52944;13581
52946;15270
52948;29768
52950;32533
52956;22730
52958;24524
52960;36957
52964;6941
52968;23339
52972;28328
52976;23484
52978;33062
52980;3973
52984;6734
52988;9670
52990;35673
52992;28097
52994;36180
52996;6268
52998;17595
53000;19547
53002;32216
53004;38946
53010;33328
53014;11268
53016;22684
53018;30325
53020;35514
53022;15364
53024;18361
53026;27493
53028;1107
53030;6930
53032;15841
53034;26594
53038;3000
53040;13153
53042;15710
53044;25511
53048;23335
53050;27399
53052;28760
53054;32017
53056;32916
53058;23607
53062;38687
53064;2062
53068;11952
53070;15011
53072;15356
53074;21056
53078;27153
53084;23707
53086;26006
53088;38877
53092;13313
53094;15609
53096;16901
53098;37546
53102;7470
53104;26328
53106;36829
53108;27748
53110;32486
53114;16286
53116;19739
53118;20187
53120;22120
53122;27120
53124;12703
53126;27668
53128;37031
53132;6538
53134;7649
53136;8025
53138;16549
53140;20291
53142;7342
53144;11918
53146;36538
53148;37496
53150;4240
53152;10343
53154;15280
53156;36492
53158;36758
53160;20896
53162;33221
53164;34014
53168;23100
53170;36037
53172;19657
53174;21711
53178;6272
53180;15584
53182;18690
53186;1387
53188;12623
53190;13419
53192;20456
53194;35267
53196;3644
53198;6208
53200;6894
53202;18887
53206;39215
53210;5338
53212;11682
53214;15075
53220;7328
53224;25527
53226;13935
53228;19776
53230;1013
53232;6550
53234;16133
53240;38200
53242;612
53246;16495
53248;29494
53250;26628
53254;11483
53256;20877
53258;20699
53260;23420
53264;27635
53266;6018
53268;21905
53270;22272
53272;23768
53274;25927
53276;12109
53278;25612
53280;29582
53282;39798
53284;1279
53286;2662
53288;4334
53290;33235
53292;38739
53294;4555
53296;10100
53300;37389
53302;37612
53304;3325
53306;26026
53308;36160
53312;34679
53314;1020
53316;6120
53318;7805
53320;16395
53322;29006
53324;4645
53326;21763
53328;22266
53330;25909
53332;28511
53334;2064
53336;25582
53338;27077
53340;33552
53344;20823
53346;28089
53350;8331
53352;22689
53356;37211
53358;10956
53360;11933
53362;17264
53368;8468
53370;10959
53372;27283
53374;28069
53376;32309
53378;36334
53380;1523
53382;15796
53384;24675
53386;31370
53388;33198
53390;246
53392;22270
53398;35003
53400;38961
53402;5787
53406;26531
53408;2257
53412;11488
53414;19438
53416;24450
53418;25579
53422;39938
53426;11807
53428;21921
53430;24549
53434;5019
53436;35248
53438;36283
53440;10270
53442;38841
53444;25035
53446;26682
53448;28079
53452;7434
53454;9661
53456;12408
53458;12522
53460;32287
53462;15602
53464;15816
53468;3298
53470;11010
53472;24345
53476;6629
53478;33034
53480;38301
53482;1171
53484;5757
53488;23409
53490;33819
53492;16123
53494;16550
53496;25763
53500;5173
53502;5485
53504;5923
53506;7615
53508;35286
53510;12445
53514;16533
53520;19937
53522;24127
53524;25970
53526;29001
53530;764
53534;8804
53536;21176
53540;9931
53542;24484
53544;26138
53546;6624
53554;35135
53556;22004
53558;30306
53560;33307
53562;39684
53564;7018
53568;38719
53574;29838
53576;32036
53578;35490
53580;670
53582;12204
53584;27337
53586;32266
53590;7353
53594;31349
53596;1853
53600;28409
53602;720
53608;34089
53610;34198
53612;38984
53614;5651
53616;9324
53618;18805
53622;29388
53624;18589
53628;11734
53630;29143
53634;29863
53636;32787
53638;1812
53640;23711
53642;39314
53646;7782
53648;15741
53650;20451
53652;26658
53656;35160
53658;35985
53662;12797
53668;33273
53672;3181
53674;8354
53676;10876
53678;16058
53682;15805
53684;20515
53686;22954
53688;33449
53690;2447
53692;14120
53694;23462
53696;37071
53702;28416
53706;39872
53708;4936
53712;21985
53714;27662
53716;29712
53718;11728
53720;24166
53722;26598
53724;30072
53726;2559
53728;4526
53730;24377
53732;35111
53734;36937
53736;38311
53738;4617
53740;11940
53742;22258
53744;27952
53746;28842
53748;23155
53750;25185
53754;130
53756;3045
53758;5043
53764;36304
53766;39907
53770;10018
53772;10449
53774;27139
53776;29685
53778;190
53780;26383
53786;4573
53788;11817
53792;25737
53794;32861
53796;39935
53800;11753
53802;21372
53806;23916
53808;22632
53810;24822
53812;26684
53814;27437
53816;25366
53818;36005
53820;37575
53822;39489
53824;15997
53826;26992
53828;37727
53832;16067
53834;28295
53836;37063
53838;37621
53840;2734
53842;21179
53844;3224
53846;13284
53848;13328
53850;29781
53854;9186
53856;15809
53858;16131
53860;26324
53862;33321
53864;30945
53868;40018
53870;15529
53872;34464
53874;34702
53878;15864
53880;31550
53882;32447
53884;33594
53886;32346
53890;4582
53892;9578
53896;25954
53898;27114
53902;10951
53908;18972
53910;20820
53912;24144
53914;3723
53916;8167
53918;11791
53920;12958
53922;14549
53924;26096
53926;35277
53930;18852
53934;32618
53936;33101
53938;8274
53942;19680
53944;20118
53946;22147
53948;2134
53950;19883
53954;20136
53960;8961
53962;12788
53964;15147
53966;23793
53968;28596
53970;31064
53972;4132
53974;15208
53976;19634
53978;31199
53982;29259
53984;39967
53986;90
53988;9445
53990;18856
53992;35656
53998;29828
54000;30628
54002;1155
54004;13232
54006;21385
54008;35356
54010;11109
54012;16021
54014;27731
54016;31314
54018;1290
54020;2938
54026;36835
54030;9956
54036;26595
54038;19966
54042;24263
54044;27163
54046;31474
54052;20960
54054;35189
54056;37704
54060;26991
54066;39963
54068;31644
54070;37515
54072;15190
54084;13628
54086;35937
54090;39094
54092;14163
54096;25097
54100;33953
54102;11317
54104;14615
54106;18759
54108;22419
54110;34281
54118;3819
54120;3948
54122;15685
54124;20494
54126;25373
54132;3310
54134;12461
54138;33049
54140;35070
54144;18577
54146;21750
54150;31354
54152;1747
54154;12466
54156;13455
54160;29558
54162;6074
54168;8247
54170;35095
54174;31453
54176;4604
54180;22406
54182;26022
54184;30385
54188;6958
54192;32474
54196;905
54200;7923
54202;7961
54204;18270
54206;23448
54208;24096
54210;35258
54212;4007
54214;6038
54216;7937
54218;14644
54220;16517
54222;5850
54224;12700
54226;22899
54228;32248
54230;32580
54232;7273
54234;10695
54236;14332
54238;19352
54246;7501
54248;9858
54250;19600
54252;28473
54254;24682
54256;26997
54264;22393
54266;34094
54268;36156
54270;34202
54272;37930
54276;6317
54278;8463
54280;9681
54284;11461
54286;22788
54288;35156
54290;37586
54294;13352
54296;16019
54302;1246
54304;5859
54306;38826
54308;8265
54314;39468
54316;39715
54318;3525
54320;4713
54322;9478
54324;10939
54326;22134
54328;19536
54332;23304
54336;9569
54338;14640
54340;21198
54342;22507
54348;6717
54350;20109
54352;34512
54354;37004
54356;26874
54358;29077
54360;34477
54362;3125
54364;3982
54366;8382
54370;21843
54372;13278
54374;14503
54376;17256
54378;24342
54380;28487
54384;10347
54386;15953
54388;18754
54390;21656
54392;4043
54394;26528
54396;28954
54398;37012
54400;35767
54402;1178
54404;9684
54406;13425
54408;19497
54410;32222
54412;6566
54414;25813
54416;29719
54418;39427
54420;6906
54422;7637
54424;11943
54428;29214
54430;39129
54432;1069
54436;22552
54440;32884
54444;5621
54446;10366
54448;11480
54450;13489
54452;19164
54454;38870
54456;4035
54458;12478
54460;13940
54462;24719
54464;26725
54466;25589
54468;29629
54470;2419
54472;6456
54474;10737
54476;20460
54482;35531
54484;36960
54486;5790
54488;11295
54490;16409
54494;32804
54498;83
54500;23840
54502;32491
54504;38593
54506;555
54508;7048
54510;10420
54512;20074
54516;37402
54520;11674
54522;18834
54526;28752
54528;1687
54530;7831
54532;25968
54534;34956
54536;9161
54538;30123
54540;7293
54542;9981
54544;22841
54546;28603
54550;39728
54554;37518
54556;38610
54560;22716
54562;26032
54564;10177
54568;37963
54570;7406
54572;17218
54576;28483
54578;28072
54584;15717
54588;26010
54590;4538
54592;13572
54594;27458
54598;37353
54602;10596
54604;25892
54606;28459
54610;13503
54612;29182
54614;35329
54616;35344
54618;23129
54620;38692
54622;7917
54626;21724
54628;27274
54630;33465
54634;19361
54636;28757
54638;31838
54640;26733
54642;38971
54644;6574
54650;15913
54652;22831
54656;38209
54658;1860
54662;12482
54664;15727
54666;16560
54670;35085
54672;38892
54674;39057
54676;10623
54682;39535
54686;13585
54688;18463
54690;19781
54692;36874
54694;19857
54698;2069
54702;6913
54706;11428
54708;38320
54710;12381
54712;13865
54714;21687
54716;26639
54718;30087
54720;7387
54722;23725
54726;6587
54728;11070
54732;8013
54734;10729
54736;29016
54738;35207
54740;35988
54742;10944
54744;11560
54746;13469
54748;23172
54752;10421
54754;13073
54756;33315
54758;34605
54760;35464
54762;8932
54764;25981
54766;35500
54768;26275
54770;12710
54772;13843
54774;17767
54776;20912
54780;7778
54782;15562
54786;27613
54788;7161
54790;18212
54792;23672
54794;25205
54798;8825
54802;391
54804;4651
54806;23104
54808;32858
54810;35457
54812;9321
54814;9798
54816;21186
54820;25159
54822;13144
54824;27753
54826;31586
54828;32872
54830;39686
54832;2928
54834;5878
54836;20656
54838;871
54840;1757
54846;6335
54848;20902
54850;19942
54852;23059
54854;26857
54856;38572
54858;7496
54860;26933
54862;33736
54866;2144
54868;3295
54870;38331
54872;1048
54874;4163
54876;15401
54878;26512
54880;3849
54882;21890
54886;30901
54888;37387
54892;28265
54894;38153
54896;3502
54898;14294
54900;14656
54906;37986
54908;5250
54910;16035
54912;20336
54916;37258
54918;35191
54926;14175
54928;16034
54930;22892
54938;3593
54940;7202
54942;10940
54946;6174
54948;10038
54950;22037
54952;31943
54954;39436
54956;6344
54958;11887
54960;27578
54968;19706
54970;29675
54972;34163
54974;27905
54976;32647
54978;6621
54980;11824
54982;12025
54984;12513
54986;13361
54988;24610
54990;25441
54992;25585
54994;3382
54996;9819
54998;10479
55002;22179
55004;34932
55008;679
55010;13375
55012;26052
55014;31517
55016;7331
55018;27744
55020;33402
55022;39801
55026;22439
55028;32824
55030;37467
55032;4560
55034;14637
55036;22621
55038;35786
55040;39465
55042;39589
55044;5218
55046;8758
55048;19697
55050;25463
55052;39353
55054;3321
55058;9665
55060;22985
55062;24645
55064;536
55066;26226
55068;4851
55072;10025
55074;20501
55078;5928
55080;11485
55082;15111
55084;24008
55086;7660
55088;22165
55092;16694
55094;39266
55098;6427
55100;20100
55106;9010
55108;18881
55112;32901
55114;875
55116;4425
55118;13083
55122;29965
55124;14582
55128;28711
55132;9659
55134;31818
55136;28319
55138;29379
55140;30843
55142;34479
55144;3729
55148;15521
55150;20796
55152;23848
55154;39249
55156;19686
55158;20179
55160;35585
55162;36045
55164;36049
55166;11439
55168;38389
55170;11066
55174;2486
55176;6514
55178;7809
55180;22627
55182;35621
55184;38515
55186;5638
55188;20320
55190;26830
55192;30456
55194;32049
55198;5886
55200;20873
55204;33383
55206;32161
55212;10937
55214;14364
55216;15849
55218;28556
55222;12223
55224;19835
55228;28620
55230;34101
55234;5288
55236;6897
55240;33533
55242;37319
55244;38451
55246;5495
55248;19662
55252;30085
55254;32939
55256;39170
55258;4215
55262;8497
55264;20340
55268;1504
55274;25140
55276;26537
55278;1228
55282;38612
55284;19920
55286;22594
55288;33153
55290;953
55292;2043
55294;11810
55296;16122
55298;19711
55300;34461
55302;36353
55304;38759
55306;4623
55308;16940
55314;38781
55316;9014
55318;13835
55320;14815
55322;15540
55324;135
55326;3692
55328;22061
55330;33354
55332;15120
55334;26045
55336;26789
55340;24803
55342;35666
55344;16413
55352;9582
55354;22724
55358;14383
55362;24863
55364;31740
55366;14109
55368;36299
55370;39406
55372;191
55374;469
55378;31936
55380;35262
55382;29741
55386;2529
55388;9787
55390;22307
55392;33889
55396;9512
55400;36639
55402;29534
55404;33517
55406;4362
55408;8691
55410;14552
55412;15472
55414;20994
55416;26242
55418;26912
55420;32414
55424;12298
55426;14138
55432;4420
55434;10966
55436;22742
55438;23851
55442;21204
55444;33722
55446;10003
55450;19843
55452;26240
55454;27574
55456;3095
55458;5991
55460;11034
55462;26904
55464;38206
55466;15045
55468;30249
55472;9469
55474;22554
55476;22665
55478;27109
55480;26364
55482;33522
55486;19587
55488;21014
55492;22048
55494;8537
55496;11844
55500;32197
55502;36645
55504;37725
55506;3004
55508;17721
55514;28086
55516;8068
55520;25468
55522;29624
55524;38050
55530;28042
55534;32582
55538;36952
55546;21094
55548;34578
55550;1880
55552;5968
55554;12752
55556;28195
55558;29465
55562;5865
55564;12330
55566;14111
55568;27519
55570;27792
55572;36672
55574;38794
55576;8614
55578;12200
55580;31855
55584;1659
55586;36166
55588;6950
55590;27436
55592;34451
55596;6511
55598;27070
55600;32982
55604;16119
55606;23583
55608;37699
55612;9890
55616;31058
55618;37629
55622;27694
55624;36206
55626;36800
55630;35315
55632;3104
55636;4741
55638;8800
55642;20838
55644;28374
55646;39167
55648;8661
55650;8762
55652;9985
55654;10840
55658;39894
55660;2534
55662;14953
55664;18192
55668;1738
55672;20928
55674;4637
55676;13968
55678;22102
55680;32484
55682;38324
55684;1537
55686;20519
55692;36340
55694;39995
55696;17135
55698;22726
55700;32077
55702;34630
55706;3327
55708;29101
55710;37456
55712;38809
55714;25157
55720;9961
55722;21434
55724;21471
55728;37342
55730;750
55732;7641
55734;9394
55736;11705
55738;37894
55740;1168
55744;14035
55746;35093
55748;38394
55754;30081
55756;37236
55762;5683
55764;9258
55766;14529
55768;33825
55774;12849
55776;13392
55778;22602
55780;19740
55782;1487
55784;14854
55786;20843
55788;27706
55790;36985
55792;2234
55796;1730
55798;25541
55800;32687
55802;34715
55804;9761
55806;16803
55808;18521
55810;19652
55812;26270
55814;4198
55816;8093
55818;11018
55820;35433
55824;38512
55828;30237
55830;35291
55834;2551
55836;5141
55840;11558
55842;25298
55844;39997
55846;13340
55852;23200
55854;33675
55856;10099
55858;28834
55860;29258
55862;8745
55864;15073
55866;26641
55868;30012
55870;39960
55872;2443
55876;25977
55880;31653
55884;38653
55886;33502
55888;3278
55890;21267
55892;22619
55894;23524
55896;33232
55898;3334
55902;23920
55904;29578
55906;39275
55908;31251
55910;39237
55914;3778
55916;4490
55918;14664
55922;10981
55924;4577
55926;6320
55932;6739
55934;31876
55936;2187
55938;31107
55940;37640
55944;1244
55946;5008
55948;14633
55950;24531
55952;28506
55954;37666
55956;3790
55958;13270
55960;27978
55962;29273
55964;29421
55966;37570
55968;1603
55970;13380
55972;13459
55974;21309
55976;32843
55978;38134
55980;19504
55984;21174
55986;21753
55988;37816
55990;1973
55992;8970
55994;26878
55996;35215
56000;19117
56002;24487
56004;27778
56008;34191
56010;38431
56012;4872
56014;7527
56016;16270
56018;32166
56020;35241
56026;33586
56028;34685
56032;12937
56034;21932
56036;28393
56038;31536
56044;34226
56046;618
56050;21510
56052;22768
56054;24186
56058;1309
56060;13648
56064;30434
56066;34040
56072;34249
56074;229
56076;4473
56078;19853
56080;23511
56082;25160
56086;37452
56090;32230
56092;37919
56094;31799
56096;35765
56098;36211
56100;659
56102;13051
56104;20312
56108;30579
56110;36918
56116;30811
56120;36826
56124;6609
56126;23864
56130;36562
56132;26426
56134;36183
56136;6300
56138;15549
56140;23827
56142;25151
56146;17483
56148;20055
56150;20620
56154;3207
56156;7223
56158;13212
56160;16070
56162;20788
56166;32121
56168;32515
56170;25653
56172;31248
56174;32323
56176;33912
56178;35282
56180;6674
56182;9338
56184;20282
56186;29290
56190;10069
56194;36588
56196;38279
56198;3547
56200;32259
56202;33090
56204;4050
56206;4088
56208;11586
56210;37275
56212;39222
56214;16128
56216;17550
56218;27017
56220;27788
56222;37195
56224;4829
56226;8066
56236;123
56238;1224
56240;4121
56242;5701
56246;18723
56248;24012
56250;11886
56252;23331
56258;8333
56260;15766
56262;26448
56264;36222
56266;26123
56268;27240
56270;32603
56272;1028
56276;10118
56278;11694
56280;14778
56282;4614
56284;8658
56286;13462
56288;15078
56290;30063
56292;31984
56294;34915
56296;13218
56298;26557
56300;29584
56302;34875
56304;39572
56306;1804
56308;16076
56312;32626
56314;4726
56316;12040
56318;15660
56320;24025
56322;35469
56324;3040
56326;16088
56328;35335
56330;26463
56334;35990
56336;6265
56338;9543
56340;20532
56342;21769
56346;36275
56348;37428
56350;23492
56354;9842
56356;10423
56360;20252
56362;23016
56364;31113
56366;31150
56368;10848
56370;15088
56372;18851
56376;27233
56378;9983
56380;20982
56382;24190
56384;12067
56386;24321
56390;37126
56394;38858
56398;5104
56400;10078
56402;11412
56410;19732
56412;32729
56414;1857
56418;34484
56420;34804
56422;37090
56424;7978
56426;15552
56428;26061
56430;30077
56432;950
56434;34557
56436;11081
56438;14245
56440;15087
56442;27991
56444;28820
56446;3673
56448;34413
56450;37905
56452;818
56456;19867
56458;29042
56460;32064
56466;14354
56468;21320
56472;26478
56474;35757
56476;5680
56478;10606
56480;12037
56482;14407
56484;21120
56486;6382
56490;14875
56496;24892
56498;38676
56500;37749
56504;5037
56506;8908
56510;21190
56512;29124
56514;38240
56520;20297
56522;20766
56524;36113
56526;36915
56528;3752
56530;8079
56534;38861
56536;38065
56538;3940
56540;21835
56542;22864
56544;26770
56546;35383
56548;108
56550;20923
56552;35108
56556;39121
56558;644
56562;20775
56568;409
56572;37915
56574;10750
56576;12008
56578;24295
56580;33838
56584;7050
56586;34048
56588;34831
56592;17528
56596;30171
56600;11600
56602;30277
56604;39519
56608;427
56610;7403
56612;8592
56614;23970
56616;32646
56618;37969
56622;6721
56628;36469
56630;1248
56632;15756
56636;30055
56638;34675
56640;28882
56642;32356
56644;3824
56646;13046
56648;15493
56650;16826
56652;23752
56656;26449
56658;17680
56660;20048
56662;24840
56664;29172
56666;29207
56668;28959
56670;29985
56672;1901
56674;4046
56678;19569
56680;21070
56682;11852
56684;20543
56686;29974
56688;4304
56694;5956
56698;5193
56702;13562
56706;22123
56708;23269
56710;38356
56714;9040
56716;10453
56718;13435
56722;25345
56724;25481
56726;32326
56730;7357
56734;11475
56736;18898
56738;35323
56740;35851
56742;3199
56744;13670
56746;23862
56750;28759
56752;12897
56756;30097
56758;2526
56760;4263
56764;34116
56766;37303
56770;17565
56772;19811
56774;25282
56780;18788
56782;20919
56784;28782
56786;31212
56790;27142
56792;30438
56794;36011
56796;39993
56798;19484
56802;1655
56804;3091
56808;7385
56810;12517
56812;8925
56814;13789
56818;23649
56820;31110
56822;38078
56826;8810
56828;10337
56830;19880
56832;37651
56834;11963
56836;20126
56838;20408
56842;19979
56844;24796
56846;24423
56850;2616
56852;4178
56856;28823
56858;35509
56860;33341
56862;34026
56866;3469
56870;10113
56872;13485
56874;14283
56880;26053
56882;33053
56886;4942
56888;11577
56892;24319
56894;38539
56896;551
56898;6178
56900;10477
56902;19815
56904;28643
56906;1219
56908;3168
56910;4524
56912;18741
56914;18802
56916;979
56918;33132
56920;36367
56922;38607
56924;17553
56926;19848
56930;26869
56932;38228
56934;6502
56938;25601
56940;32127
56942;32716
56944;5692
56948;8807
56950;9656
56952;17916
56958;36598
56960;8204
56962;8896
56966;13187
56968;21314
56970;21786
56972;25749
56974;12715
56978;22697
56980;30176
56982;32795
56986;33678
56990;4330
56992;5617
56996;12948
57000;126
57002;3069
57004;11386
57006;30827
57010;39186
57012;39413
57014;8360
57018;12345
57022;28626
57024;14065
57026;22396
57028;35612
57030;1340
57032;6747
57034;15859
57036;39631
57038;8752
57040;9560
57044;31686
57046;26437
57048;26717
57050;27699
57052;8119
57054;13422
57056;14017
57058;22400
57060;23545
57064;26776
57066;3586
57068;22127
57070;25997
57072;30163
57078;27373
57082;1718
57084;7392
57086;9473
57088;20586
57090;3520
57092;31390
57094;8851
57096;32306
57098;33157
57100;25881
57104;33391
57108;6504
57112;31615
57118;25106
57120;27709
57122;35194
57124;39062
57126;15689
57128;26290
57130;27445
57132;32086
57134;22012
57138;27836
57140;28792
57142;39697
57144;24241
57146;26333
57148;21465
57150;26654
57152;1640
57156;24701
57158;33537
57160;34756
57164;1785
57166;7600
57168;11173
57170;14077
57174;31815
57176;39745
57178;3178
57180;12842
57182;20989
57186;27230
57188;6220
57190;9707
57192;12174
57194;14542
57198;6636
57200;21351
57202;23684
57204;36567
57208;14770
57210;38834
57212;9153
57214;23343
57216;40024
57218;14741
57220;27092
57222;22478
57224;33906
57226;34852
57230;4328
57232;15289
57234;15379
57236;16438
57238;2731
57242;31005
57244;38506
57246;38668
57248;20710
57250;22436
57252;27192
57256;9017
57258;14309
57260;14848
57262;15250
57264;9914
57266;20970
57270;16546
57272;21789
57274;33139
57276;37656
57280;8757
57282;2428
57284;5867
57288;17762
57290;1693
57294;31508
57298;3680
57300;20464
57304;7839
57306;26982
57310;37701
57312;38740
57314;8328
57316;11971
57318;31217
57320;33992
57322;26185
57324;28281
57326;35799
57328;2298
57332;13578
57334;13738
57336;15306
57340;22029
57342;23122
57348;3722
57350;13399
57352;32757
57356;38785
57360;15150
57362;22251
57364;36631
57366;10311
57368;22766
57370;34747
57372;761
57374;14729
57376;16886
57378;22461
57382;32002
57384;39946
57386;4309
57388;6166
57390;14893
57392;22208
57394;26432
57398;15315
57400;24054
57402;34835
57404;4259
57406;4925
57408;23937
57410;25503
57414;5716
57416;8045
57418;8262
57420;18884
57422;22382
57424;24577
57426;38770
57428;10710
57432;11219
57436;33457
57440;9229
57442;10919
57444;13982
57446;25240
57448;33004
57450;4786
57454;26411
57458;34883
57460;34723
57462;6163
57464;11454
57466;14253
57468;28693
57470;33393
57472;20467
57474;26860
57480;8415
57482;8617
57484;11175
57490;10333
57492;15174
57494;19113
57496;27769
57500;25000
57502;26457
57506;6596
57510;21404
57512;24251
57514;24819
57516;39585
57518;6681
57520;12118
57522;14673
57524;21452
57526;31171
57528;4459
57530;12768
57534;11381
57536;20303
57538;36578
57540;1557
57544;29570
57546;4324
57548;10465
57550;34568
57552;7372
57554;25020
57556;33653
57558;9521
57560;25521
57562;25622
57564;7000
57566;12060
57568;24285
57570;28142
57574;33036
57576;36966
57578;5294
57580;12971
57582;14572
57584;23837
57586;26897
57588;10315
57592;1275
57596;37356
57598;2081
57600;8222
57602;12930
57608;36006
57610;2617
57612;6810
57616;12041
57618;32689
57620;12582
57624;22667
57628;13816
57630;33817
57632;34799
57634;2405
57636;13457
57638;26562
57640;34663
57642;36858
57644;2583
57646;39595
57648;5763
57650;9663
57652;11013
57654;22422
57656;853
57658;9241
57660;12415
57662;18902
57666;1378
57668;20067
57670;26058
57680;4028
57682;6985
57684;12077
57688;16538
57690;21548
57694;10855
57696;11678
57698;12219
57700;13148
57702;15802
57704;36655
57706;9856
57710;13370
57712;14068
57716;16003
57718;1254
57720;7515
57722;8456
57726;13847
57728;21539
57732;35007
57736;149
57738;11901
57742;12646
57744;15780
57746;24912
57748;30779
57750;36931
57752;38334
57754;5896
57760;24287
57762;35517
57764;20780
57766;24914
57770;31729
57772;33584
57774;14201
57776;16568
57780;22947
57782;25903
57784;13778
57786;27842
57788;34233
57790;34394
57792;7242
57798;4673
57800;8707
57802;11935
57804;24454
57806;29752
57808;2496
57812;33277
57814;35476
57816;7024
57818;7507
57820;13668
57822;14829
57824;39515
57826;6918
57828;16509
57830;3031
57832;24837
57834;5976
57838;13861
57840;20721
57842;37317
57844;21235
57846;22299
57848;11557
57850;21875
57852;26160
57854;31295
57856;36699
57858;11955
57860;27131
57862;28076
57864;32368
57866;34409
57868;9564
57870;23248
57872;28357
57874;10646
57876;26881
57880;2459
57882;7769
57886;20870
57888;29315
57890;4984
57892;36996
57894;1156
57896;1164
57898;9551
57902;33506
57906;311
57908;12245
57910;20489
57912;23194
57914;24092
57916;6057
57918;7181
57922;29136
57924;36008
57926;2711
57928;39641
57930;39708
57932;22912
57936;8888
57940;13988
57944;17980
57948;11724
57950;14122
57952;19466
57954;32805
57956;35169
57960;6104
57962;11847
57964;14003
57968;32692
57970;12377
57972;28736
57974;33729
57976;6222
57984;12120
57986;34895
57988;36557
57990;32007
57994;10887
57996;12333
57998;12597
58002;12722
58004;16245
58006;19630
58008;30606
58010;36371
58012;4657
58014;16056
58016;18970
58020;23224
58022;22966
58024;30833
58026;33635
58028;11962
58030;24613
58032;37526
58034;21615
58038;1991
58040;9144
58042;9192
58044;10051
58046;28081
58048;25733
58050;37854
58056;15139
58058;19215
58060;23287
58066;34739
58068;1863
58070;26793
58072;27287
58074;30335
58076;34490
58078;3701
58080;5326
58084;19508
58086;29343
58088;1396
58092;5912
58094;8789
58096;20947
58098;20390
58102;12427
58104;12919
58108;3737
58110;16363
58112;18713
58114;35218
58116;39454
58118;314
58120;9999
58122;14054
58124;31637
58126;37436
58128;37626
58130;3444
58132;21152
58134;23143
58136;35715
58138;35761
58140;3928
58142;6421
58144;11907
58146;24461
58148;35139
58150;33413
58152;36377
58154;36498
58158;37472
58160;38003
58162;25109
58166;3923
58168;6332
58170;11620
58172;15023
58174;18792
58176;17951
58178;34109
58180;35413
